event_round_id,pdga_event_id,pdga_number,division,round,score
9516847,77775,38008,MPO,1,60
9516848,77775,44382,MPO,1,60
9516849,77775,91249,MPO,1,60
9516850,77775,122356,MPO,1,60
9516852,77775,75412,MPO,1,61
9516854,77775,85132,MPO,1,62
9516857,77775,18330,MPO,1,63
9516859,77775,35449,MPO,1,63
9516865,77775,57365,MPO,1,64
9516881,77775,8332,MPO,1,66
9516882,77775,27523,MPO,1,66
9516883,77775,34250,MPO,1,66
9516885,77775,50670,MPO,1,66
9516886,77775,50671,MPO,1,66
9516888,77775,62467,MPO,1,66
9516889,77775,63765,MPO,1,66
9516894,77775,45971,MPO,1,67
9516898,77775,75590,MPO,1,67
9516901,77775,101574,MPO,1,67
9516959,77775,44382,MPO,2,59
9516960,77775,38008,MPO,2,60
9516961,77775,85132,MPO,2,59
9516962,77775,122356,MPO,2,63
9516963,77775,35449,MPO,2,61
9516964,77775,75412,MPO,2,63
9516967,77775,91249,MPO,2,65
9516969,77775,18330,MPO,2,63
9516972,77775,50670,MPO,2,61
9516977,77775,57365,MPO,2,64
9516980,77775,27523,MPO,2,63
9516981,77775,34250,MPO,2,63
9516982,77775,50671,MPO,2,63
9516988,77775,45971,MPO,2,63
9516995,77775,101574,MPO,2,64
9516996,77775,8332,MPO,2,65
9516997,77775,63765,MPO,2,65
9517003,77775,75590,MPO,2,65
9517005,77775,62467,MPO,2,66
9517071,77775,114560,FPO,1,62
9517072,77775,64927,FPO,1,63
9517073,77775,133547,FPO,1,63
9517074,77775,144112,FPO,1,64
9517075,77775,59227,FPO,1,65
9517076,77775,81351,FPO,1,65
9517077,77775,85942,FPO,1,66
9517078,77775,48976,FPO,1,67
9517081,77775,29190,FPO,1,71
9517083,77775,99455,FPO,1,71
9517087,77775,32917,FPO,1,73
9517092,77775,99441,FPO,1,74
9517096,77775,198446,FPO,1,75
9517100,77775,62879,FPO,1,77
9517114,77775,144112,FPO,2,62
9517115,77775,133547,FPO,2,63
9517116,77775,85942,FPO,2,61
9517117,77775,64927,FPO,2,65
9517118,77775,114560,FPO,2,66
9517119,77775,59227,FPO,2,64
9517121,77775,48976,FPO,2,70
9517123,77775,29190,FPO,2,67
9517124,77775,99455,FPO,2,68
9517125,77775,32917,FPO,2,67
9517126,77775,99441,FPO,2,67
9517139,77775,198446,FPO,2,73
9517141,77775,62879,FPO,2,72
9517155,77775,81351,FPO,2,999
9517156,77775,144112,FPO,3,67
9517157,77775,133547,FPO,3,68
9517158,77775,64927,FPO,3,60
9517159,77775,85942,FPO,3,67
9517160,77775,59227,FPO,3,67
9517161,77775,114560,FPO,3,70
9517164,77775,48976,FPO,3,66
9517165,77775,29190,FPO,3,69
9517166,77775,99455,FPO,3,68
9517167,77775,32917,FPO,3,73
9517171,77775,99441,FPO,3,76
9517180,77775,198446,FPO,3,66
9517183,77775,62879,FPO,3,73
9517229,77775,44382,MPO,3,61
9517230,77775,38008,MPO,3,61
9517231,77775,35449,MPO,3,58
9517232,77775,75412,MPO,3,60
9517233,77775,85132,MPO,3,64
9517234,77775,50670,MPO,3,59
9517235,77775,18330,MPO,3,60
9517238,77775,91249,MPO,3,62
9517239,77775,122356,MPO,3,64
9517244,77775,50671,MPO,3,62
9517247,77775,8332,MPO,3,61
9517248,77775,63765,MPO,3,61
9517251,77775,57365,MPO,3,64
9517256,77775,62467,MPO,3,62
9517260,77775,34250,MPO,3,65
9517264,77775,45971,MPO,3,65
9517268,77775,75590,MPO,3,64
9517269,77775,101574,MPO,3,65
9517288,77775,27523,MPO,3,70
9548135,77758,91249,MPO,1,51
9548136,77758,44382,MPO,1,52
9548137,77758,50671,MPO,1,52
9548139,77758,85132,MPO,1,53
9548140,77758,122356,MPO,1,53
9548143,77758,75412,MPO,1,54
9548149,77758,63765,MPO,1,55
9548157,77758,50670,MPO,1,56
9548159,77758,62467,MPO,1,56
9548167,77758,101574,MPO,1,56
9548169,77758,27523,MPO,1,57
9548176,77758,57365,MPO,1,57
9548183,77758,34250,MPO,1,58
9548184,77758,35449,MPO,1,58
9548185,77758,38008,MPO,1,58
9548193,77758,75590,MPO,1,58
9548203,77758,8332,MPO,1,59
9548221,77758,18330,MPO,1,61
9548245,77758,48976,FPO,1,58
9548246,77758,144112,FPO,1,59
9548247,77758,73986,FPO,1,60
9548248,77758,114560,FPO,1,62
9548249,77758,133547,FPO,1,62
9548252,77758,85942,FPO,1,63
9548253,77758,99441,FPO,1,63
9548256,77758,32654,FPO,1,64
9548257,77758,32917,FPO,1,64
9548258,77758,64927,FPO,1,64
9548259,77758,81351,FPO,1,64
9548260,77758,59227,FPO,1,65
9548262,77758,111487,FPO,1,65
9548266,77758,62879,FPO,1,67
9548267,77758,109996,FPO,1,67
9548269,77758,29190,FPO,1,68
9548279,77758,66599,FPO,1,69
9548284,77758,99455,FPO,1,71
9550058,77758,85132,MPO,2,55
9550060,77758,91249,MPO,2,59
9550062,77758,75412,MPO,2,57
9550066,77758,57365,MPO,2,56
9550072,77758,122356,MPO,2,61
9550073,77758,44382,MPO,2,62
9550075,77758,34250,MPO,2,57
9550076,77758,38008,MPO,2,57
9550083,77758,18330,MPO,2,55
9550094,77758,50671,MPO,2,64
9550102,77758,63765,MPO,2,62
9550106,77758,50670,MPO,2,62
9550107,77758,62467,MPO,2,62
9550124,77758,27523,MPO,2,63
9550127,77758,101574,MPO,2,64
9550129,77758,8332,MPO,2,62
9550136,77758,35449,MPO,2,64
9550137,77758,75590,MPO,2,64
9550188,77758,144112,FPO,2,58
9550189,77758,48976,FPO,2,61
9550190,77758,73986,FPO,2,63
9550191,77758,133547,FPO,2,62
9550192,77758,81351,FPO,2,61
9550193,77758,59227,FPO,2,63
9550194,77758,114560,FPO,2,66
9550195,77758,64927,FPO,2,65
9550196,77758,62879,FPO,2,63
9550197,77758,85942,FPO,2,68
9550200,77758,32917,FPO,2,70
9550202,77758,99441,FPO,2,71
9550206,77758,66599,FPO,2,68
9550213,77758,111487,FPO,2,73
9550214,77758,32654,FPO,2,74
9550215,77758,99455,FPO,2,68
9550218,77758,109996,FPO,2,72
9550221,77758,29190,FPO,2,73
9550235,77758,73986,FPO,3,59
9550236,77758,144112,FPO,3,70
9550237,77758,48976,FPO,3,71
9550238,77758,81351,FPO,3,64
9550239,77758,133547,FPO,3,66
9550240,77758,64927,FPO,3,61
9550241,77758,59227,FPO,3,65
9550242,77758,62879,FPO,3,71
9550244,77758,85942,FPO,3,67
9550245,77758,99441,FPO,3,62
9550246,77758,32917,FPO,3,66
9550248,77758,114560,FPO,3,71
9550249,77758,99455,FPO,3,64
9550251,77758,29190,FPO,3,61
9550254,77758,109996,FPO,3,68
9550261,77758,32654,FPO,3,71
9550262,77758,66599,FPO,3,71
9550269,77758,111487,FPO,3,78
9550294,77758,75412,MPO,3,52
9550295,77758,75412,MPO,4,54
9550296,77758,91249,MPO,3,55
9550297,77758,91249,MPO,4,53
9550300,77758,44382,MPO,3,56
9550301,77758,44382,MPO,4,53
9550304,77758,62467,MPO,3,52
9550305,77758,62467,MPO,4,54
9550306,77758,50671,MPO,3,54
9550307,77758,50671,MPO,4,55
9550310,77758,85132,MPO,3,57
9550311,77758,85132,MPO,4,60
9550312,77758,38008,MPO,3,56
9550313,77758,38008,MPO,4,55
9550314,77758,57365,MPO,3,55
9550315,77758,57365,MPO,4,58
9550338,77758,34250,MPO,3,58
9550339,77758,34250,MPO,4,57
9550340,77758,63765,MPO,3,55
9550341,77758,63765,MPO,4,58
9550346,77758,122356,MPO,3,59
9550347,77758,122356,MPO,4,58
9550376,77758,35449,MPO,3,53
9550377,77758,35449,MPO,4,62
9550378,77758,75590,MPO,3,53
9550379,77758,75590,MPO,4,62
9550382,77758,18330,MPO,3,58
9550383,77758,18330,MPO,4,64
9550387,77758,101574,MPO,3,56
9550388,77758,50670,MPO,3,58
9550404,77758,27523,MPO,3,59
9550414,77758,8332,MPO,3,61
9550432,77758,73986,FPO,4,62
9550433,77758,48976,FPO,4,61
9550434,77758,133547,FPO,4,63
9550435,77758,64927,FPO,4,64
9550436,77758,81351,FPO,4,65
9550437,77758,59227,FPO,4,63
9550438,77758,144112,FPO,4,69
9550439,77758,114560,FPO,4,59
9550440,77758,85942,FPO,4,61
9550441,77758,99441,FPO,4,64
9550442,77758,62879,FPO,4,66
9550444,77758,29190,FPO,4,68
9550445,77758,32917,FPO,4,71
9550446,77758,66599,FPO,4,65
9550447,77758,109996,FPO,4,67
9550448,77758,99455,FPO,4,71
9579455,77759,75590,MPO,1,53
9579457,77759,44382,MPO,1,55
9579458,77759,45971,MPO,1,55
9579459,77759,18330,MPO,1,56
9579461,77759,91249,MPO,1,56
9579462,77759,122356,MPO,1,56
9579468,77759,50671,MPO,1,58
9579473,77759,50670,MPO,1,59
9579476,77759,62467,MPO,1,59
9579481,77759,63765,MPO,1,60
9579482,77759,75412,MPO,1,60
9579483,77759,85132,MPO,1,60
9579486,77759,8332,MPO,1,61
9579487,77759,35449,MPO,1,61
9579489,77759,57365,MPO,1,61
9579497,77759,27523,MPO,1,62
9579507,77759,34250,MPO,1,63
9579523,77759,101574,MPO,1,64
9579566,77759,99455,FPO,1,59
9579567,77759,59227,FPO,1,60
9579568,77759,73986,FPO,1,61
9579570,77759,32917,FPO,1,63
9579571,77759,48976,FPO,1,63
9579572,77759,64927,FPO,1,63
9579573,77759,85942,FPO,1,64
9579574,77759,114560,FPO,1,64
9579576,77759,62879,FPO,1,65
9579577,77759,99441,FPO,1,65
9579584,77759,144112,FPO,1,67
9579592,77759,66599,FPO,1,69
9579593,77759,133547,FPO,1,69
9579598,77759,109996,FPO,1,71
9579599,77759,111487,FPO,1,71
9579601,77759,198446,FPO,1,71
9579605,77759,29190,FPO,1,76
9579619,77759,48976,FPO,2,53
9579620,77759,73986,FPO,2,64
9579621,77759,85942,FPO,2,60
9579622,77759,32917,FPO,2,66
9579624,77759,59227,FPO,2,64
9579626,77759,114560,FPO,2,63
9579627,77759,64927,FPO,2,64
9579628,77759,66599,FPO,2,58
9579629,77759,144112,FPO,2,64
9579631,77759,62879,FPO,2,63
9579632,77759,99441,FPO,2,66
9579643,77759,198446,FPO,2,64
9579646,77759,133547,FPO,2,64
9579647,77759,109996,FPO,2,68
9579649,77759,111487,FPO,2,70
9579652,77759,29190,FPO,2,66
9584939,77759,91249,MPO,2,51
9584940,77759,75412,MPO,2,49
9584941,77759,18330,MPO,2,54
9584942,77759,122356,MPO,2,54
9584944,77759,75590,MPO,2,57
9584945,77759,44382,MPO,2,56
9584946,77759,45971,MPO,2,56
9584947,77759,85132,MPO,2,52
9584950,77759,62467,MPO,2,54
9584952,77759,35449,MPO,2,53
9584955,77759,50671,MPO,2,56
9584957,77759,101574,MPO,2,51
9584959,77759,8332,MPO,2,54
9584969,77759,27523,MPO,2,55
9584977,77759,50670,MPO,2,59
9584980,77759,34250,MPO,2,56
9584981,77759,57365,MPO,2,58
9584983,77759,63765,MPO,2,59
9585054,77759,99455,FPO,2,59
9587455,77759,91249,MPO,3,55
9587456,77759,85132,MPO,3,51
9587457,77759,45971,MPO,3,53
9587458,77759,44382,MPO,3,54
9587459,77759,75412,MPO,3,56
9587461,77759,75590,MPO,3,56
9587463,77759,62467,MPO,3,55
9587464,77759,18330,MPO,3,58
9587465,77759,101574,MPO,3,54
9587466,77759,50671,MPO,3,56
9587467,77759,122356,MPO,3,60
9587468,77759,57365,MPO,3,52
9587471,77759,8332,MPO,3,58
9587473,77759,35449,MPO,3,59
9587476,77759,27523,MPO,3,58
9587478,77759,34250,MPO,3,57
9587479,77759,63765,MPO,3,57
9587485,77759,50670,MPO,3,59
9587566,77759,48976,FPO,3,56
9587567,77759,73986,FPO,3,58
9587568,77759,85942,FPO,3,64
9587569,77759,114560,FPO,3,63
9587570,77759,59227,FPO,3,66
9587571,77759,99455,FPO,3,72
9587573,77759,64927,FPO,3,67
9587574,77759,62879,FPO,3,67
9587575,77759,66599,FPO,3,68
9587577,77759,32917,FPO,3,67
9587579,77759,99441,FPO,3,67
9587581,77759,109996,FPO,3,63
9587583,77759,133547,FPO,3,69
9587584,77759,144112,FPO,3,72
9587587,77759,111487,FPO,3,64
9587596,77759,198446,FPO,3,74
9587605,77759,29190,FPO,3,76
9614473,77091,85942,FPO,1,58
9614474,77091,32917,FPO,1,59
9614475,77091,62879,FPO,1,59
9614477,77091,64927,FPO,1,62
9614478,77091,73986,FPO,1,62
9614479,77091,114560,FPO,1,62
9614481,77091,59227,FPO,1,64
9614483,77091,133547,FPO,1,64
9614485,77091,32654,FPO,1,65
9614487,77091,144112,FPO,1,65
9614490,77091,107335,FPO,1,66
9614493,77091,198446,FPO,1,66
9614500,77091,48976,FPO,1,68
9614501,77091,66599,FPO,1,68
9614507,77091,109996,FPO,1,69
9614511,77091,81351,FPO,1,70
9614512,77091,99455,FPO,1,70
9614513,77091,111487,FPO,1,70
9614515,77091,99441,FPO,1,71
9614536,77091,29190,FPO,1,75
9614573,77091,85942,FPO,2,64
9614574,77091,64927,FPO,2,63
9614575,77091,62879,FPO,2,67
9614576,77091,32917,FPO,2,68
9614577,77091,133547,FPO,2,64
9614578,77091,144112,FPO,2,64
9614580,77091,48976,FPO,2,62
9614582,77091,73986,FPO,2,68
9614583,77091,114560,FPO,2,68
9614584,77091,66599,FPO,2,63
9614589,77091,99441,FPO,2,65
9614593,77091,198446,FPO,2,70
9614594,77091,59227,FPO,2,72
9614596,77091,109996,FPO,2,68
9614599,77091,32654,FPO,2,72
9614601,77091,107335,FPO,2,72
9614602,77091,99455,FPO,2,69
9614608,77091,81351,FPO,2,71
9614609,77091,111487,FPO,2,71
9614613,77091,29190,FPO,2,68
9614673,77091,85942,FPO,3,59
9614674,77091,64927,FPO,3,58
9614675,77091,133547,FPO,3,61
9614676,77091,66599,FPO,3,59
9614677,77091,48976,FPO,3,61
9614678,77091,62879,FPO,3,65
9614679,77091,73986,FPO,3,62
9614680,77091,144112,FPO,3,63
9614681,77091,114560,FPO,3,64
9614683,77091,32917,FPO,3,70
9614684,77091,59227,FPO,3,62
9614688,77091,109996,FPO,3,63
9614689,77091,198446,FPO,3,64
9614694,77091,32654,FPO,3,65
9614696,77091,99455,FPO,3,64
9614698,77091,99441,FPO,3,68
9614700,77091,107335,FPO,3,67
9614701,77091,81351,FPO,3,65
9614705,77091,29190,FPO,3,65
9614707,77091,111487,FPO,3,67
9614908,77091,85942,FPO,4,67
9614909,77091,64927,FPO,4,70
9614910,77091,62879,FPO,4,63
9614911,77091,48976,FPO,4,64
9614912,77091,66599,FPO,4,67
9614913,77091,73986,FPO,4,66
9614915,77091,144112,FPO,4,68
9614916,77091,114560,FPO,4,67
9614917,77091,133547,FPO,4,73
9614919,77091,59227,FPO,4,65
9614923,77091,32917,FPO,4,70
9614927,77091,32654,FPO,4,68
9614928,77091,99441,FPO,4,67
9614929,77091,99455,FPO,4,68
9614931,77091,198446,FPO,4,71
9614935,77091,29190,FPO,4,69
9614938,77091,109996,FPO,4,77
9614940,77091,81351,FPO,4,72
9614942,77091,107335,FPO,4,74
9614945,77091,111487,FPO,4,75
9635567,77760,50671,MPO,1,57
9635591,77760,122356,MPO,1,59
9635607,77760,101574,MPO,1,62
9635623,77760,109996,FPO,1,53
9635624,77760,48976,FPO,1,52
9635625,77760,133547,FPO,1,54
9635627,77760,64927,FPO,1,58
9635628,77760,62879,FPO,1,57
9635629,77760,99455,FPO,1,56
9635631,77760,59227,FPO,1,57
9635632,77760,99441,FPO,1,57
9635633,77760,73986,FPO,1,58
9635635,77760,32654,FPO,1,58
9635637,77760,111487,FPO,1,60
9635638,77760,32917,FPO,1,59
9635641,77760,107335,FPO,1,59
9635644,77760,85942,FPO,1,61
9635645,77760,198446,FPO,1,60
9635647,77760,66599,FPO,1,60
9635651,77760,114560,FPO,1,62
9635681,77760,57365,MPO,1,58
9635682,77760,75590,MPO,1,60
9635685,77760,44382,MPO,1,53
9635686,77760,45971,MPO,1,54
9635688,77760,75412,MPO,1,54
9635693,77760,8332,MPO,1,57
9635694,77760,18330,MPO,1,57
9635696,77760,50670,MPO,1,57
9635698,77760,38008,MPO,1,58
9635700,77760,85132,MPO,1,59
9635706,77760,91249,MPO,1,61
9635709,77760,35449,MPO,1,62
9635714,77760,63765,MPO,1,63
9640752,77760,44382,MPO,2,47
9640754,77760,75412,MPO,2,54
9640756,77760,18330,MPO,2,54
9640758,77760,45971,MPO,2,57
9640760,77760,57365,MPO,2,54
9640766,77760,8332,MPO,2,57
9640768,77760,50670,MPO,2,57
9640769,77760,50671,MPO,2,57
9640772,77760,38008,MPO,2,57
9640778,77760,85132,MPO,2,57
9640791,77760,91249,MPO,2,57
9640793,77760,122356,MPO,2,59
9640795,77760,63765,MPO,2,56
9640798,77760,35449,MPO,2,57
9640799,77760,101574,MPO,2,57
9640800,77760,75590,MPO,2,59
9640874,77760,109996,FPO,2,53
9640875,77760,48976,FPO,2,54
9640876,77760,73986,FPO,2,51
9640878,77760,64927,FPO,2,56
9640879,77760,62879,FPO,2,57
9640880,77760,85942,FPO,2,54
9640881,77760,66599,FPO,2,55
9640882,77760,32654,FPO,2,57
9640883,77760,99441,FPO,2,58
9640884,77760,133547,FPO,2,61
9640885,77760,111487,FPO,2,56
9640887,77760,99455,FPO,2,61
9640889,77760,32917,FPO,2,59
9640890,77760,59227,FPO,2,61
9640894,77760,107335,FPO,2,61
9640899,77760,198446,FPO,2,62
9640903,77760,114560,FPO,2,61
9640924,77760,114560,FPO,3,69
9640926,77760,107335,FPO,3,62
9640937,77760,198446,FPO,3,63
9640956,77760,59227,FPO,3,58
9640957,77760,44382,MPO,3,55
9640958,77760,75412,MPO,3,48
9640960,77760,18330,MPO,3,53
9640961,77760,45971,MPO,3,54
9640966,77760,85132,MPO,3,53
9640971,77760,57365,MPO,3,58
9640973,77760,38008,MPO,3,56
9640976,77760,50671,MPO,3,58
9640978,77760,75590,MPO,3,54
9640982,77760,50670,MPO,3,59
9640984,77760,35449,MPO,3,55
9640986,77760,8332,MPO,3,60
9640991,77760,122356,MPO,3,58
9640997,77760,101574,MPO,3,59
9641004,77760,63765,MPO,3,60
9641032,77760,91249,MPO,3,66
9641079,77760,109996,FPO,3,54
9641080,77760,73986,FPO,3,53
9641081,77760,48976,FPO,3,57
9641082,77760,85942,FPO,3,56
9641083,77760,99441,FPO,3,56
9641084,77760,32917,FPO,3,54
9641086,77760,111487,FPO,3,57
9641087,77760,32654,FPO,3,58
9641088,77760,133547,FPO,3,58
9641089,77760,62879,FPO,3,59
9641092,77760,99455,FPO,3,60
9641093,77760,66599,FPO,3,62
9641094,77760,64927,FPO,3,63
9685822,77761,44382,MPO,1,52
9685825,77761,38008,MPO,1,54
9685827,77761,45971,MPO,1,54
9685833,77761,8332,MPO,1,56
9685835,77761,50670,MPO,1,56
9685838,77761,75590,MPO,1,56
9685840,77761,91249,MPO,1,56
9685844,77761,63765,MPO,1,57
9685850,77761,18330,MPO,1,58
9685851,77761,35449,MPO,1,58
9685853,77761,50671,MPO,1,58
9685854,77761,62467,MPO,1,58
9685868,77761,75412,MPO,1,59
9685874,77761,27523,MPO,1,60
9685875,77761,85132,MPO,1,60
9685879,77761,122356,MPO,1,60
9685883,77761,57365,MPO,1,61
9685901,77761,34250,MPO,1,63
9685934,77761,73986,FPO,1,56
9685935,77761,64927,FPO,1,62
9685937,77761,99441,FPO,1,64
9685938,77761,133547,FPO,1,64
9685939,77761,32917,FPO,1,65
9685940,77761,62879,FPO,1,65
9685941,77761,66599,FPO,1,65
9685945,77761,32654,FPO,1,67
9685948,77761,85942,FPO,1,67
9685950,77761,29190,FPO,1,68
9685953,77761,144112,FPO,1,68
9685956,77761,81351,FPO,1,69
9685959,77761,198446,FPO,1,69
9685962,77761,48976,FPO,1,71
9685964,77761,99455,FPO,1,71
9685965,77761,107335,FPO,1,71
9685973,77761,111487,FPO,1,74
9692788,77761,50670,MPO,2,52
9692789,77761,44382,MPO,2,56
9692790,77761,45971,MPO,2,55
9692791,77761,8332,MPO,2,54
9692795,77761,75412,MPO,2,53
9692800,77761,62467,MPO,2,56
9692807,77761,75590,MPO,2,59
9692809,77761,122356,MPO,2,56
9692810,77761,35449,MPO,2,58
9692815,77761,34250,MPO,2,54
9692816,77761,85132,MPO,2,57
9692820,77761,50671,MPO,2,59
9692822,77761,63765,MPO,2,60
9692825,77761,38008,MPO,2,63
9692832,77761,27523,MPO,2,59
9692845,77761,18330,MPO,2,62
9692853,77761,91249,MPO,2,65
9692878,77761,57365,MPO,2,65
9692899,77761,73986,FPO,2,58
9692900,77761,133547,FPO,2,56
9692901,77761,64927,FPO,2,63
9692903,77761,66599,FPO,2,61
9692904,77761,99441,FPO,2,62
9692906,77761,107335,FPO,2,58
9692907,77761,144112,FPO,2,62
9692908,77761,32654,FPO,2,63
9692911,77761,32917,FPO,2,65
9692912,77761,48976,FPO,2,60
9692914,77761,81351,FPO,2,62
9692915,77761,29190,FPO,2,63
9692917,77761,198446,FPO,2,63
9692918,77761,62879,FPO,2,67
9692919,77761,85942,FPO,2,66
9692921,77761,99455,FPO,2,63
9692937,77761,111487,FPO,2,69
9692951,77761,111487,FPO,3,69
9692963,77761,44382,MPO,3,57
9692966,77761,45971,MPO,3,57
9692967,77761,8332,MPO,3,57
9692969,77761,62467,MPO,3,55
9692971,77761,75412,MPO,3,57
9692973,77761,50670,MPO,3,63
9692974,77761,18330,MPO,3,52
9692975,77761,34250,MPO,3,55
9692976,77761,38008,MPO,3,55
9692984,77761,35449,MPO,3,59
9692991,77761,85132,MPO,3,60
9692992,77761,50671,MPO,3,60
9693002,77761,57365,MPO,3,53
9693008,77761,122356,MPO,3,63
9693009,77761,75590,MPO,3,64
9693018,77761,63765,MPO,3,64
9693020,77761,27523,MPO,3,63
9693025,77761,91249,MPO,3,62
9693075,77761,73986,FPO,3,62
9693076,77761,133547,FPO,3,65
9693077,77761,64927,FPO,3,61
9693079,77761,198446,FPO,3,60
9693080,77761,66599,FPO,3,66
9693081,77761,99441,FPO,3,66
9693082,77761,32917,FPO,3,63
9693084,77761,48976,FPO,3,64
9693085,77761,81351,FPO,3,64
9693086,77761,107335,FPO,3,66
9693088,77761,144112,FPO,3,67
9693090,77761,29190,FPO,3,67
9693091,77761,32654,FPO,3,68
9693093,77761,99455,FPO,3,67
9693094,77761,62879,FPO,3,69
9693097,77761,85942,FPO,3,69
9716866,77762,8332,MPO,1,55
9716868,77762,27523,MPO,1,58
9716869,77762,38008,MPO,1,59
9716873,77762,75412,MPO,1,60
9716877,77762,75590,MPO,1,61
9716878,77762,122356,MPO,1,61
9716884,77762,91249,MPO,1,62
9716888,77762,62467,MPO,1,59
9716889,77762,35449,MPO,1,64
9716897,77762,63765,MPO,1,63
9716903,77762,45971,MPO,1,64
9716904,77762,57365,MPO,1,62
9716913,77762,101574,MPO,1,64
9716916,77762,34250,MPO,1,65
9716917,77762,50670,MPO,1,65
9716926,77762,44382,MPO,1,64
9716932,77762,50671,MPO,1,66
9716938,77762,85132,MPO,1,66
9716952,77762,18330,MPO,1,68
9716979,77762,133547,FPO,1,60
9716980,77762,107335,FPO,1,63
9716981,77762,73986,FPO,1,64
9716982,77762,81351,FPO,1,64
9716983,77762,64927,FPO,1,65
9716984,77762,99455,FPO,1,66
9716985,77762,114560,FPO,1,66
9716986,77762,32917,FPO,1,68
9716987,77762,144112,FPO,1,68
9716990,77762,99441,FPO,1,69
9716992,77762,66599,FPO,1,70
9717000,77762,59227,FPO,1,74
9717015,77762,111487,FPO,1,77
9717016,77762,198446,FPO,1,78
9723473,77762,8332,MPO,2,59
9723474,77762,8332,MPO,3,57
9723475,77762,27523,MPO,2,58
9723476,77762,27523,MPO,3,60
9723477,77762,38008,MPO,2,60
9723478,77762,38008,MPO,3,59
9723479,77762,62467,MPO,2,59
9723480,77762,62467,MPO,3,60
9723483,77762,91249,MPO,2,57
9723484,77762,91249,MPO,3,60
9723485,77762,44382,MPO,2,60
9723486,77762,44382,MPO,3,58
9723491,77762,75412,MPO,2,56
9723492,77762,75412,MPO,3,66
9723499,77762,75590,MPO,2,62
9723500,77762,75590,MPO,3,61
9723507,77762,50671,MPO,2,58
9723508,77762,50671,MPO,3,62
9723509,77762,63765,MPO,2,60
9723510,77762,63765,MPO,3,63
9723519,77762,35449,MPO,2,63
9723520,77762,35449,MPO,3,61
9723539,77762,45971,MPO,2,65
9723540,77762,45971,MPO,3,61
9723541,77762,122356,MPO,2,62
9723542,77762,122356,MPO,3,67
9723549,77762,57365,MPO,2,65
9723550,77762,57365,MPO,3,65
9723599,77762,34250,MPO,2,67
9723600,77762,34250,MPO,3,65
9723601,77762,101574,MPO,2,68
9723602,77762,101574,MPO,3,65
9723613,77762,50670,MPO,2,69
9723614,77762,50670,MPO,3,65
9723639,77762,18330,MPO,2,67
9723640,77762,18330,MPO,3,68
9723695,77762,85132,MPO,2,999
9723700,77762,73986,FPO,2,60
9723701,77762,73986,FPO,3,64
9723702,77762,133547,FPO,2,64
9723703,77762,133547,FPO,3,68
9723704,77762,59227,FPO,2,64
9723705,77762,59227,FPO,3,63
9723706,77762,144112,FPO,2,67
9723707,77762,144112,FPO,3,70
9723708,77762,81351,FPO,2,71
9723709,77762,81351,FPO,3,70
9723710,77762,64927,FPO,2,78
9723711,77762,64927,FPO,3,63
9723712,77762,99455,FPO,2,70
9723713,77762,99455,FPO,3,70
9723716,77762,107335,FPO,2,69
9723717,77762,107335,FPO,3,76
9723718,77762,32917,FPO,2,69
9723719,77762,32917,FPO,3,72
9723722,77762,99441,FPO,2,72
9723723,77762,99441,FPO,3,69
9723728,77762,114560,FPO,2,71
9723729,77762,114560,FPO,3,77
9723734,77762,66599,FPO,2,75
9723735,77762,66599,FPO,3,72
9723746,77762,111487,FPO,2,70
9723747,77762,111487,FPO,3,75
9723752,77762,198446,FPO,2,73
9723753,77762,198446,FPO,3,75
9749683,77099,62467,MPO,1,63
9749684,77099,91249,MPO,1,63
9749687,77099,50671,MPO,1,66
9749688,77099,75590,MPO,1,66
9749690,77099,122356,MPO,1,66
9749693,77099,27523,MPO,1,67
9749694,77099,44382,MPO,1,67
9749695,77099,45971,MPO,1,67
9749697,77099,75412,MPO,1,67
9749699,77099,63765,MPO,1,68
9749700,77099,85132,MPO,1,68
9749703,77099,38008,MPO,1,69
9749707,77099,101574,MPO,1,69
9749710,77099,18330,MPO,1,70
9749718,77099,50670,MPO,1,71
9749741,77099,57365,MPO,1,73
9749743,77099,37817,MPO,1,74
9749752,77099,35449,MPO,1,75
9749778,77099,122356,MPO,2,64
9749779,77099,50671,MPO,2,66
9749780,77099,63765,MPO,2,65
9749782,77099,62467,MPO,2,70
9749787,77099,91249,MPO,2,72
9749788,77099,38008,MPO,2,67
9749791,77099,44382,MPO,2,69
9749792,77099,45971,MPO,2,69
9749795,77099,101574,MPO,2,68
9749797,77099,85132,MPO,2,69
9749799,77099,27523,MPO,2,71
9749800,77099,75590,MPO,2,72
9749801,77099,50670,MPO,2,68
9749804,77099,75412,MPO,2,72
9749808,77099,35449,MPO,2,66
9749816,77099,18330,MPO,2,72
9749825,77099,57365,MPO,2,71
9749860,77099,37817,MPO,2,78
9749872,77099,27523,MPO,3,67
9749873,77099,44382,MPO,3,66
9749874,77099,91249,MPO,3,64
9749876,77099,38008,MPO,3,65
9749877,77099,45971,MPO,3,65
9749881,77099,50670,MPO,3,71
9749882,77099,75412,MPO,3,68
9749884,77099,85132,MPO,3,66
9749889,77099,101574,MPO,3,72
9749890,77099,35449,MPO,3,67
9749895,77099,75590,MPO,3,72
9749898,77099,18330,MPO,3,66
9749913,77099,57365,MPO,3,69
9749954,77099,37817,MPO,3,81
9749960,77099,62467,MPO,3,68
9749963,77099,107335,FPO,1,64
9749964,77099,62879,FPO,1,65
9749965,77099,85942,FPO,1,65
9749966,77099,133547,FPO,1,65
9749967,77099,64927,FPO,1,66
9749968,77099,73986,FPO,1,66
9749969,77099,48976,FPO,1,67
9749970,77099,59227,FPO,1,69
9749971,77099,144112,FPO,1,69
9749973,77099,29190,FPO,1,70
9749974,77099,114560,FPO,1,70
9749981,77099,198446,FPO,1,72
9749985,77099,66599,FPO,1,73
9749988,77099,32917,FPO,1,74
9749990,77099,32654,FPO,1,75
9750001,77099,81351,FPO,1,78
9750002,77099,99455,FPO,1,78
9750012,77099,73986,FPO,2,68
9750013,77099,62879,FPO,2,69
9750014,77099,64927,FPO,2,69
9750015,77099,107335,FPO,2,71
9750016,77099,48976,FPO,2,70
9750017,77099,85942,FPO,2,72
9750018,77099,59227,FPO,2,69
9750019,77099,144112,FPO,2,70
9750020,77099,133547,FPO,2,75
9750021,77099,66599,FPO,2,68
9750022,77099,198446,FPO,2,71
9750025,77099,32917,FPO,2,72
9750028,77099,32654,FPO,2,72
9750039,77099,114560,FPO,2,79
9750042,77099,29190,FPO,2,81
9750043,77099,81351,FPO,2,75
9750058,77099,99455,FPO,2,999
9750059,77099,64927,FPO,3,62
9750060,77099,73986,FPO,3,65
9750061,77099,48976,FPO,3,65
9750063,77099,107335,FPO,3,69
9750064,77099,59227,FPO,3,67
9750065,77099,144112,FPO,3,68
9750066,77099,62879,FPO,3,74
9750067,77099,133547,FPO,3,70
9750068,77099,85942,FPO,3,75
9750070,77099,66599,FPO,3,75
9750074,77099,114560,FPO,3,70
9750075,77099,32654,FPO,3,72
9750078,77099,32917,FPO,3,74
9750079,77099,198446,FPO,3,77
9750089,77099,29190,FPO,3,78
9750091,77099,81351,FPO,3,77
9755939,77099,63765,MPO,3,63
9755940,77099,63765,MPO,4,65
9755941,77099,91249,MPO,4,66
9755942,77099,38008,MPO,4,65
9755943,77099,50671,MPO,3,65
9755944,77099,50671,MPO,4,69
9755945,77099,45971,MPO,4,68
9755946,77099,18330,MPO,4,62
9755948,77099,62467,MPO,4,69
9755949,77099,122356,MPO,3,67
9755950,77099,122356,MPO,4,73
9755951,77099,75412,MPO,4,64
9755952,77099,27523,MPO,4,66
9755954,77099,44382,MPO,4,69
9755961,77099,85132,MPO,4,71
9755962,77099,35449,MPO,4,67
9755964,77099,50670,MPO,4,66
9755968,77099,75590,MPO,4,69
9755976,77099,57365,MPO,4,69
9755981,77099,101574,MPO,4,75
9755989,77099,64927,FPO,4,71
9755990,77099,59227,FPO,4,64
9755991,77099,48976,FPO,4,67
9755992,77099,107335,FPO,4,66
9755993,77099,73986,FPO,4,72
9755995,77099,85942,FPO,4,63
9755996,77099,144112,FPO,4,68
9755997,77099,66599,FPO,4,64
9755998,77099,133547,FPO,4,71
9755999,77099,62879,FPO,4,73
9756000,77099,32917,FPO,4,64
9756001,77099,114560,FPO,4,69
9756004,77099,198446,FPO,4,70
9756005,77099,32654,FPO,4,71
9756013,77099,99455,FPO,3,999
9789328,77763,38008,MPO,1,57
9789329,77763,45971,MPO,1,58
9789330,77763,44382,MPO,1,59
9789332,77763,50671,MPO,1,60
9789333,77763,62467,MPO,1,60
9789334,77763,75590,MPO,1,60
9789339,77763,75412,MPO,1,61
9789343,77763,63765,MPO,1,62
9789346,77763,35449,MPO,1,63
9789348,77763,50670,MPO,1,63
9789357,77763,85132,MPO,1,64
9789358,77763,27523,MPO,1,65
9789366,77763,18330,MPO,1,66
9789375,77763,122356,MPO,1,66
9789435,77763,38008,MPO,2,62
9789436,77763,45971,MPO,2,62
9789438,77763,50671,MPO,2,61
9789439,77763,75412,MPO,2,61
9789442,77763,62467,MPO,2,63
9789444,77763,63765,MPO,2,62
9789447,77763,75590,MPO,2,65
9789451,77763,18330,MPO,2,61
9789452,77763,122356,MPO,2,61
9789453,77763,85132,MPO,2,63
9789455,77763,50670,MPO,2,64
9789457,77763,44382,MPO,2,68
9789468,77763,27523,MPO,2,65
9789474,77763,35449,MPO,2,68
9789541,77763,81351,FPO,1,70
9789542,77763,85942,FPO,1,70
9789543,77763,111487,FPO,1,70
9789545,77763,133547,FPO,1,70
9789546,77763,99441,FPO,1,71
9789547,77763,114560,FPO,1,71
9789550,77763,32654,FPO,1,72
9789551,77763,32917,FPO,1,72
9789552,77763,99455,FPO,1,72
9789554,77763,48976,FPO,1,73
9789564,77763,198446,FPO,1,75
9789584,77763,32654,FPO,2,68
9789585,77763,81351,FPO,2,70
9789586,77763,85942,FPO,2,70
9789587,77763,133547,FPO,2,71
9789588,77763,111487,FPO,2,72
9789590,77763,32917,FPO,2,71
9789591,77763,114560,FPO,2,73
9789592,77763,99455,FPO,2,73
9789594,77763,48976,FPO,2,74
9789595,77763,99441,FPO,2,76
9789599,77763,198446,FPO,2,77
9789977,77763,45971,MPO,3,56
9789978,77763,75412,MPO,3,57
9789980,77763,122356,MPO,3,55
9789981,77763,63765,MPO,3,59
9789982,77763,38008,MPO,3,64
9789983,77763,62467,MPO,3,62
9789985,77763,50670,MPO,3,60
9789989,77763,50671,MPO,3,67
9789991,77763,44382,MPO,3,62
9789992,77763,85132,MPO,3,64
9789994,77763,75590,MPO,3,66
9790001,77763,18330,MPO,3,66
9790003,77763,27523,MPO,3,64
9790017,77763,35449,MPO,3,69
9790083,77763,85942,FPO,3,68
9790084,77763,81351,FPO,3,68
9790085,77763,111487,FPO,3,67
9790086,77763,114560,FPO,3,66
9790087,77763,133547,FPO,3,69
9790088,77763,32654,FPO,3,70
9790089,77763,99455,FPO,3,69
9790092,77763,198446,FPO,3,67
9790093,77763,48976,FPO,3,72
9790094,77763,32917,FPO,3,76
9790097,77763,99441,FPO,3,77
9790125,77763,85942,FPO,13,9
9790126,77763,81351,FPO,13,11
9827500,78193,91249,MPO,1,56
9827501,78193,91249,MPO,2,54
9827502,78193,91249,MPO,3,54
9827817,78193,64927,FPO,1,65
9827818,78193,64927,FPO,2,56
9827819,78193,64927,FPO,3,61
9827823,78193,107335,FPO,1,61
9827824,78193,107335,FPO,2,63
9827825,78193,107335,FPO,3,65
9827826,78193,66599,FPO,1,65
9827827,78193,66599,FPO,2,67
9827828,78193,66599,FPO,3,58
9827829,78193,109996,FPO,1,64
9827830,78193,109996,FPO,2,66
9827831,78193,109996,FPO,3,62
9835887,78193,64927,FPO,13,6
9865047,77764,45971,MPO,1,58
9865048,77764,45971,MPO,2,58
9865049,77764,45971,MPO,3,56
9865062,77764,38008,MPO,1,60
9865063,77764,38008,MPO,2,63
9865064,77764,38008,MPO,3,55
9865068,77764,50671,MPO,1,58
9865069,77764,50671,MPO,2,64
9865070,77764,50671,MPO,3,57
9865077,77764,75590,MPO,1,60
9865078,77764,75590,MPO,2,60
9865079,77764,75590,MPO,3,60
9865086,77764,37817,MPO,1,62
9865087,77764,37817,MPO,2,60
9865088,77764,37817,MPO,3,59
9865089,77764,50670,MPO,1,60
9865090,77764,50670,MPO,2,62
9865091,77764,50670,MPO,3,59
9865095,77764,75412,MPO,1,57
9865096,77764,75412,MPO,2,63
9865097,77764,75412,MPO,3,61
9865098,77764,44382,MPO,1,62
9865099,77764,44382,MPO,2,62
9865100,77764,44382,MPO,3,58
9865101,77764,35449,MPO,1,62
9865102,77764,35449,MPO,2,61
9865103,77764,35449,MPO,3,59
9865104,77764,27523,MPO,1,56
9865105,77764,27523,MPO,2,63
9865106,77764,27523,MPO,3,63
9865125,77764,91249,MPO,1,59
9865126,77764,91249,MPO,2,65
9865127,77764,91249,MPO,3,61
9865128,77764,18330,MPO,1,65
9865129,77764,18330,MPO,2,58
9865130,77764,18330,MPO,3,62
9865146,77764,57365,MPO,1,56
9865147,77764,57365,MPO,2,65
9865148,77764,57365,MPO,3,66
9865170,77764,34250,MPO,1,67
9865171,77764,34250,MPO,2,63
9865172,77764,34250,MPO,3,60
9865185,77764,122356,MPO,1,61
9865186,77764,122356,MPO,2,69
9865187,77764,122356,MPO,3,61
9865403,77764,144112,FPO,1,59
9865404,77764,144112,FPO,2,56
9865405,77764,144112,FPO,3,62
9865406,77764,99455,FPO,1,59
9865407,77764,99455,FPO,2,63
9865408,77764,99455,FPO,3,62
9865409,77764,133547,FPO,1,58
9865410,77764,133547,FPO,2,57
9865411,77764,133547,FPO,3,70
9865412,77764,48976,FPO,1,60
9865413,77764,48976,FPO,2,63
9865414,77764,48976,FPO,3,63
9865415,77764,29190,FPO,1,63
9865416,77764,29190,FPO,2,64
9865417,77764,29190,FPO,3,61
9865418,77764,109996,FPO,1,65
9865419,77764,109996,FPO,2,65
9865420,77764,109996,FPO,3,59
9865427,77764,114560,FPO,1,67
9865428,77764,114560,FPO,2,67
9865429,77764,114560,FPO,3,58
9865430,77764,85942,FPO,1,61
9865431,77764,85942,FPO,2,69
9865432,77764,85942,FPO,3,62
9865442,77764,111487,FPO,1,69
9865443,77764,111487,FPO,2,68
9865444,77764,111487,FPO,3,60
9865451,77764,99441,FPO,1,69
9865452,77764,99441,FPO,2,66
9865453,77764,99441,FPO,3,67
9865460,77764,32654,FPO,1,72
9865461,77764,32654,FPO,2,68
9865462,77764,32654,FPO,3,63
9940533,77765,75412,MPO,1,53
9940540,77765,45971,MPO,1,56
9940542,77765,38008,MPO,1,57
9940547,77765,122356,MPO,1,57
9940548,77765,35449,MPO,1,58
9940549,77765,37817,MPO,1,58
9940550,77765,44382,MPO,1,58
9940551,77765,63765,MPO,1,58
9940556,77765,50670,MPO,1,59
9940560,77765,27523,MPO,1,60
9940562,77765,34250,MPO,1,60
9940565,77765,75590,MPO,1,60
9940567,77765,85132,MPO,1,60
9940573,77765,50671,MPO,1,61
9940588,77765,91249,MPO,1,62
9940611,77765,57365,MPO,1,65
9940645,77765,48976,FPO,1,61
9940646,77765,99455,FPO,1,62
9940647,77765,85942,FPO,1,63
9940648,77765,29190,FPO,1,65
9940649,77765,109996,FPO,1,65
9940650,77765,111487,FPO,1,65
9940655,77765,114560,FPO,1,67
9940657,77765,133547,FPO,1,67
9940658,77765,32654,FPO,1,68
9949115,77765,75412,MPO,2,53
9949116,77765,75412,MPO,3,56
9949117,77765,75412,MPO,4,61
9949121,77765,38008,MPO,2,59
9949122,77765,38008,MPO,3,56
9949123,77765,38008,MPO,4,61
9949124,77765,35449,MPO,2,59
9949125,77765,35449,MPO,3,59
9949126,77765,35449,MPO,4,59
9949127,77765,50670,MPO,2,55
9949128,77765,50670,MPO,3,59
9949129,77765,50670,MPO,4,62
9949130,77765,45971,MPO,2,59
9949131,77765,45971,MPO,3,57
9949132,77765,45971,MPO,4,64
9949133,77765,27523,MPO,2,60
9949134,77765,27523,MPO,3,56
9949135,77765,27523,MPO,4,61
9949136,77765,75590,MPO,2,55
9949137,77765,75590,MPO,3,62
9949138,77765,75590,MPO,4,61
9949139,77765,91249,MPO,2,57
9949140,77765,91249,MPO,3,55
9949141,77765,91249,MPO,4,64
9949151,77765,37817,MPO,2,59
9949152,77765,37817,MPO,3,58
9949153,77765,37817,MPO,4,64
9949157,77765,85132,MPO,2,58
9949158,77765,85132,MPO,3,55
9949159,77765,85132,MPO,4,66
9949163,77765,50671,MPO,2,55
9949164,77765,50671,MPO,3,61
9949165,77765,50671,MPO,4,63
9949172,77765,63765,MPO,2,60
9949173,77765,63765,MPO,3,60
9949174,77765,63765,MPO,4,64
9949178,77765,34250,MPO,2,64
9949179,77765,34250,MPO,3,58
9949180,77765,34250,MPO,4,61
9949196,77765,122356,MPO,2,61
9949197,77765,122356,MPO,3,65
9949198,77765,122356,MPO,4,61
9949244,77765,44382,MPO,2,60
9949245,77765,44382,MPO,3,60
9949246,77765,44382,MPO,4,73
9949333,77765,57365,MPO,2,64
9949334,77765,57365,MPO,3,64
9949385,77765,29190,FPO,2,61
9949386,77765,29190,FPO,3,58
9949387,77765,29190,FPO,4,60
9949388,77765,133547,FPO,2,60
9949389,77765,133547,FPO,3,63
9949390,77765,133547,FPO,4,56
9949394,77765,99455,FPO,2,64
9949395,77765,99455,FPO,3,60
9949396,77765,99455,FPO,4,65
9949397,77765,85942,FPO,2,64
9949398,77765,85942,FPO,3,63
9949399,77765,85942,FPO,4,62
9949400,77765,48976,FPO,2,62
9949401,77765,48976,FPO,3,63
9949402,77765,48976,FPO,4,67
9949403,77765,32917,FPO,1,70
9949404,77765,32917,FPO,2,59
9949405,77765,32917,FPO,3,64
9949406,77765,32917,FPO,4,63
9949407,77765,111487,FPO,2,66
9949408,77765,111487,FPO,3,66
9949409,77765,111487,FPO,4,61
9949410,77765,32654,FPO,2,65
9949411,77765,32654,FPO,3,63
9949412,77765,32654,FPO,4,62
9949413,77765,144112,FPO,1,70
9949414,77765,144112,FPO,2,66
9949415,77765,144112,FPO,3,63
9949416,77765,144112,FPO,4,60
9949417,77765,109996,FPO,2,66
9949418,77765,109996,FPO,3,60
9949419,77765,109996,FPO,4,69
9949420,77765,99441,FPO,1,68
9949421,77765,99441,FPO,2,67
9949422,77765,99441,FPO,3,59
9949423,77765,99441,FPO,4,68
9949424,77765,114560,FPO,2,67
9949425,77765,114560,FPO,3,67
9949426,77765,114560,FPO,4,63
9949444,77765,62879,FPO,1,68
9949445,77765,62879,FPO,2,70
9949446,77765,62879,FPO,3,63
9949447,77765,62879,FPO,4,67
9983909,77766,75412,MPO,1,59
9983910,77766,75412,MPO,2,56
9983911,77766,75412,MPO,3,57
9983912,77766,50671,MPO,1,58
9983913,77766,50671,MPO,2,57
9983914,77766,50671,MPO,3,58
9983915,77766,38008,MPO,1,56
9983916,77766,38008,MPO,2,59
9983917,77766,38008,MPO,3,58
9983921,77766,45971,MPO,1,53
9983922,77766,45971,MPO,2,61
9983923,77766,45971,MPO,3,60
9983924,77766,85132,MPO,1,58
9983925,77766,85132,MPO,2,58
9983926,77766,85132,MPO,3,59
9983927,77766,91249,MPO,1,60
9983928,77766,91249,MPO,2,58
9983929,77766,91249,MPO,3,58
9983945,77766,37817,MPO,1,62
9983946,77766,37817,MPO,2,60
9983947,77766,37817,MPO,3,56
9983969,77766,50670,MPO,1,62
9983970,77766,50670,MPO,2,57
9983971,77766,50670,MPO,3,61
9983996,77766,34250,MPO,1,63
9983997,77766,34250,MPO,2,59
9983998,77766,34250,MPO,3,60
9983999,77766,122356,MPO,1,61
9984000,77766,122356,MPO,2,61
9984001,77766,122356,MPO,3,60
9984023,77766,57365,MPO,1,59
9984024,77766,57365,MPO,2,63
9984025,77766,57365,MPO,3,61
9984026,77766,35449,MPO,1,61
9984027,77766,35449,MPO,2,59
9984028,77766,35449,MPO,3,63
9984038,77766,27523,MPO,1,61
9984039,77766,27523,MPO,2,60
9984040,77766,27523,MPO,3,63
9984050,77766,75590,MPO,1,58
9984051,77766,75590,MPO,2,64
9984052,77766,75590,MPO,3,63
9984098,77766,44382,MPO,1,62
9984099,77766,44382,MPO,2,65
9984100,77766,44382,MPO,3,62
9984137,77766,63765,MPO,1,64
9984138,77766,63765,MPO,2,60
9984139,77766,63765,MPO,3,68
9984244,77766,133547,FPO,1,64
9984245,77766,133547,FPO,2,59
9984246,77766,133547,FPO,3,65
9984247,77766,48976,FPO,1,62
9984248,77766,48976,FPO,2,61
9984249,77766,48976,FPO,3,65
9984250,77766,114560,FPO,1,61
9984251,77766,114560,FPO,2,63
9984252,77766,114560,FPO,3,67
9984253,77766,85942,FPO,1,65
9984254,77766,85942,FPO,2,62
9984255,77766,85942,FPO,3,65
9984256,77766,32917,FPO,1,61
9984257,77766,32917,FPO,2,68
9984258,77766,32917,FPO,3,64
9984259,77766,62879,FPO,1,64
9984260,77766,62879,FPO,2,63
9984261,77766,62879,FPO,3,66
9984265,77766,111487,FPO,1,69
9984266,77766,111487,FPO,2,65
9984267,77766,111487,FPO,3,63
9984271,77766,99441,FPO,1,68
9984272,77766,99441,FPO,2,66
9984273,77766,99441,FPO,3,64
9984274,77766,32654,FPO,1,65
9984275,77766,32654,FPO,2,67
9984276,77766,32654,FPO,3,66
9984280,77766,109996,FPO,1,63
9984281,77766,109996,FPO,2,65
9984282,77766,109996,FPO,3,70
9984283,77766,99455,FPO,1,68
9984284,77766,99455,FPO,2,65
9984285,77766,99455,FPO,3,66
9984286,77766,144112,FPO,1,68
9984287,77766,144112,FPO,2,64
9984288,77766,144112,FPO,3,67
10007536,77766,133547,FPO,13,3
10007537,77766,48976,FPO,13,NULL
10021875,78194,91249,MPO,1,54
10021876,78194,91249,MPO,2,57
10021877,78194,91249,MPO,3,50
10021878,78194,34250,MPO,1,56
10021879,78194,34250,MPO,2,55
10021880,78194,34250,MPO,3,52
10022198,78194,107335,FPO,1,58
10022199,78194,107335,FPO,2,55
10022200,78194,107335,FPO,3,65
10022201,78194,64927,FPO,1,61
10022202,78194,64927,FPO,2,55
10022203,78194,64927,FPO,3,64
10022204,78194,59227,FPO,1,57
10022205,78194,59227,FPO,2,58
10022206,78194,59227,FPO,3,66
10022207,78194,66599,FPO,1,60
10022208,78194,66599,FPO,2,61
10022209,78194,66599,FPO,3,64
10047314,78271,85132,MPO,1,52
10047316,78271,50670,MPO,1,53
10047324,78271,18330,MPO,1,58
10047327,78271,63765,MPO,1,58
10047333,78271,122356,MPO,1,60
10047342,78271,101574,MPO,1,61
10047346,78271,44382,MPO,1,56
10047358,78271,35449,MPO,1,57
10047362,78271,8332,MPO,1,60
10047371,78271,38008,MPO,1,54
10047373,78271,75590,MPO,1,63
10047401,78271,27523,MPO,1,67
10047402,78271,57365,MPO,1,58
10047408,78271,75412,MPO,1,55
10047433,78271,85942,FPO,1,56
10047434,78271,133547,FPO,1,58
10047435,78271,48976,FPO,1,60
10047437,78271,99441,FPO,1,63
10047438,78271,32917,FPO,1,64
10047440,78271,29190,FPO,1,65
10047441,78271,62879,FPO,1,65
10047443,78271,114560,FPO,1,66
10047445,78271,144112,FPO,1,66
10047448,78271,198446,FPO,1,66
10047453,78271,111487,FPO,1,67
10047454,78271,32654,FPO,1,68
10047455,78271,99455,FPO,1,68
10047460,78271,81351,FPO,1,69
10053331,78271,85132,MPO,2,55
10053332,78271,50670,MPO,2,55
10053333,78271,38008,MPO,2,55
10053334,78271,75412,MPO,2,56
10053336,78271,18330,MPO,2,54
10053338,78271,44382,MPO,2,58
10053344,78271,57365,MPO,2,58
10053345,78271,63765,MPO,2,58
10053357,78271,35449,MPO,2,62
10053368,78271,101574,MPO,2,60
10053372,78271,8332,MPO,2,62
10053379,78271,122356,MPO,2,63
10053380,78271,27523,MPO,2,57
10053395,78271,75590,MPO,2,63
10053482,78271,85942,FPO,2,61
10053483,78271,133547,FPO,2,61
10053484,78271,99441,FPO,2,59
10053485,78271,48976,FPO,2,64
10053487,78271,32917,FPO,2,61
10053488,78271,144112,FPO,2,61
10053489,78271,32654,FPO,2,61
10053491,78271,62879,FPO,2,64
10053492,78271,81351,FPO,2,61
10053500,78271,111487,FPO,2,67
10053501,78271,114560,FPO,2,68
10053505,78271,29190,FPO,2,70
10053508,78271,198446,FPO,2,70
10053509,78271,99455,FPO,2,69
10053532,78271,133547,FPO,3,63
10053533,78271,85942,FPO,3,63
10053534,78271,32917,FPO,3,61
10053535,78271,48976,FPO,3,64
10053536,78271,99441,FPO,3,66
10053538,78271,144112,FPO,3,63
10053540,78271,62879,FPO,3,64
10053542,78271,32654,FPO,3,66
10053543,78271,81351,FPO,3,67
10053544,78271,198446,FPO,3,61
10053546,78271,114560,FPO,3,62
10053548,78271,29190,FPO,3,66
10053550,78271,111487,FPO,3,65
10053552,78271,99455,FPO,3,62
10053581,78271,38008,MPO,3,55
10053582,78271,85132,MPO,3,58
10053583,78271,18330,MPO,3,54
10053584,78271,50670,MPO,3,58
10053585,78271,75412,MPO,3,57
10053587,78271,44382,MPO,3,56
10053588,78271,57365,MPO,3,55
10053590,78271,63765,MPO,3,56
10053594,78271,8332,MPO,3,55
10053599,78271,101574,MPO,3,58
10053602,78271,35449,MPO,3,60
10053622,78271,122356,MPO,3,60
10053635,78271,27523,MPO,3,62
10053644,78271,75590,MPO,3,64
10090745,78195,34250,MPO,1,52
10090746,78195,34250,MPO,2,51
10090747,78195,34250,MPO,3,53
10090748,78195,122356,MPO,1,55
10090749,78195,122356,MPO,2,53
10090750,78195,122356,MPO,3,51
10090754,78195,27523,MPO,1,51
10090755,78195,27523,MPO,2,56
10090756,78195,27523,MPO,3,52
10090775,78195,38008,MPO,1,61
10090776,78195,38008,MPO,2,50
10090777,78195,38008,MPO,3,54
10090826,78195,91249,MPO,1,59
10090827,78195,91249,MPO,2,55
10090828,78195,91249,MPO,3,57
10090862,78195,37817,MPO,1,58
10090863,78195,37817,MPO,2,58
10090864,78195,37817,MPO,3,57
10090886,78195,45971,MPO,1,57
10090887,78195,45971,MPO,2,56
10090888,78195,45971,MPO,3,62
10091068,78195,107335,FPO,1,59
10091069,78195,107335,FPO,2,56
10091070,78195,107335,FPO,3,55
10091071,78195,59227,FPO,1,62
10091072,78195,59227,FPO,2,53
10091073,78195,59227,FPO,3,60
10091074,78195,144112,FPO,1,60
10091075,78195,144112,FPO,2,60
10091076,78195,144112,FPO,3,59
10091083,78195,64927,FPO,1,59
10091084,78195,64927,FPO,2,63
10091085,78195,64927,FPO,3,61
10091086,78195,109996,FPO,1,62
10091087,78195,109996,FPO,2,64
10091088,78195,109996,FPO,3,59
10091089,78195,66599,FPO,1,62
10091090,78195,66599,FPO,2,64
10091091,78195,66599,FPO,3,61
10091125,78195,99441,FPO,1,65
10091126,78195,99441,FPO,2,66
10091127,78195,99441,FPO,3,66
10123526,77768,44382,MPO,1,57
10123527,77768,44382,MPO,2,52
10123528,77768,44382,MPO,3,53
10123529,77768,18330,MPO,1,55
10123530,77768,18330,MPO,2,54
10123531,77768,18330,MPO,3,55
10123532,77768,75412,MPO,1,58
10123533,77768,75412,MPO,2,55
10123534,77768,75412,MPO,3,52
10123535,77768,57365,MPO,1,57
10123536,77768,57365,MPO,2,50
10123537,77768,57365,MPO,3,59
10123544,77768,45971,MPO,1,61
10123545,77768,45971,MPO,2,54
10123546,77768,45971,MPO,3,55
10123553,77768,101574,MPO,1,59
10123554,77768,101574,MPO,2,53
10123555,77768,101574,MPO,3,58
10123571,77768,50670,MPO,1,58
10123572,77768,50670,MPO,2,59
10123573,77768,50670,MPO,3,56
10123586,77768,8332,MPO,1,64
10123587,77768,8332,MPO,2,54
10123588,77768,8332,MPO,3,57
10123589,77768,62467,MPO,1,57
10123590,77768,62467,MPO,2,57
10123591,77768,62467,MPO,3,61
10123601,77768,85132,MPO,1,59
10123602,77768,85132,MPO,2,62
10123603,77768,85132,MPO,3,56
10123604,77768,75590,MPO,1,60
10123605,77768,75590,MPO,2,58
10123606,77768,75590,MPO,3,59
10123607,77768,63765,MPO,1,62
10123608,77768,63765,MPO,2,58
10123609,77768,63765,MPO,3,58
10123658,77768,35449,MPO,1,60
10123659,77768,35449,MPO,2,65
10123660,77768,35449,MPO,3,57
10123778,77768,50671,MPO,1,67
10123779,77768,50671,MPO,2,65
10123780,77768,50671,MPO,3,60
10123885,77768,111487,FPO,1,62
10123886,77768,111487,FPO,2,56
10123887,77768,111487,FPO,3,56
10123888,77768,198446,FPO,1,61
10123889,77768,198446,FPO,2,56
10123890,77768,198446,FPO,3,60
10123891,77768,114560,FPO,1,61
10123892,77768,114560,FPO,2,55
10123893,77768,114560,FPO,3,61
10123894,77768,48976,FPO,1,59
10123895,77768,48976,FPO,2,54
10123896,77768,48976,FPO,3,65
10123897,77768,133547,FPO,1,62
10123898,77768,133547,FPO,2,55
10123899,77768,133547,FPO,3,62
10123900,77768,85942,FPO,1,63
10123901,77768,85942,FPO,2,58
10123902,77768,85942,FPO,3,59
10123903,77768,81351,FPO,1,58
10123904,77768,81351,FPO,2,61
10123905,77768,81351,FPO,3,63
10123906,77768,99455,FPO,1,64
10123907,77768,99455,FPO,2,58
10123908,77768,99455,FPO,3,61
10123909,77768,32654,FPO,1,63
10123910,77768,32654,FPO,2,59
10123911,77768,32654,FPO,3,62
10123918,77768,32917,FPO,1,62
10123919,77768,32917,FPO,2,61
10123920,77768,32917,FPO,3,67
10123945,77768,62879,FPO,1,65
10123946,77768,62879,FPO,2,63
10123947,77768,62879,FPO,3,68
10149843,78196,38008,MPO,1,51
10149844,78196,38008,MPO,2,52
10149845,78196,38008,MPO,3,56
10149852,78196,91249,MPO,1,57
10149853,78196,91249,MPO,2,58
10149854,78196,91249,MPO,3,55
10149855,78196,122356,MPO,1,56
10149856,78196,122356,MPO,2,55
10149857,78196,122356,MPO,3,59
10149858,78196,27523,MPO,1,57
10149859,78196,27523,MPO,2,56
10149860,78196,27523,MPO,3,59
10149861,78196,57365,MPO,1,59
10149862,78196,57365,MPO,2,56
10149863,78196,57365,MPO,3,58
10149867,78196,44382,MPO,1,59
10149868,78196,44382,MPO,2,53
10149869,78196,44382,MPO,3,61
10149870,78196,75412,MPO,1,55
10149871,78196,75412,MPO,2,57
10149872,78196,75412,MPO,3,61
10149876,78196,37817,MPO,1,56
10149877,78196,37817,MPO,2,61
10149878,78196,37817,MPO,3,59
10149891,78196,18330,MPO,1,60
10149892,78196,18330,MPO,2,55
10149893,78196,18330,MPO,3,63
10149903,78196,35449,MPO,1,57
10149904,78196,35449,MPO,2,66
10149905,78196,35449,MPO,3,57
10149918,78196,85132,MPO,1,61
10149919,78196,85132,MPO,2,64
10149920,78196,85132,MPO,3,56
10149930,78196,34250,MPO,1,58
10149931,78196,34250,MPO,2,60
10149932,78196,34250,MPO,3,64
10150177,78196,73986,FPO,1,63
10150178,78196,73986,FPO,2,59
10150179,78196,73986,FPO,3,60
10150180,78196,107335,FPO,1,60
10150181,78196,107335,FPO,2,62
10150182,78196,107335,FPO,3,66
10150186,78196,66599,FPO,1,63
10150187,78196,66599,FPO,2,66
10150188,78196,66599,FPO,3,65
10150189,78196,109996,FPO,1,61
10150190,78196,109996,FPO,2,65
10150191,78196,109996,FPO,3,68
10150195,78196,144112,FPO,1,65
10150196,78196,144112,FPO,2,65
10150197,78196,144112,FPO,3,68
10150207,78196,99441,FPO,1,69
10150208,78196,99441,FPO,2,66
10150209,78196,99441,FPO,3,70
10150213,78196,29190,FPO,1,67
10150214,78196,29190,FPO,2,71
10150215,78196,29190,FPO,3,71
10185959,77750,75412,MPO,1,64
10185960,77750,75412,MPO,2,58
10185961,77750,75412,MPO,3,51
10185962,77750,75412,MPO,4,52
10185963,77750,38008,MPO,1,62
10185964,77750,38008,MPO,2,62
10185965,77750,38008,MPO,3,53
10185966,77750,38008,MPO,4,50
10185967,77750,27523,MPO,1,62
10185968,77750,27523,MPO,2,60
10185969,77750,27523,MPO,3,54
10185970,77750,27523,MPO,4,54
10185971,77750,50670,MPO,1,64
10185972,77750,50670,MPO,2,61
10185973,77750,50670,MPO,3,56
10185974,77750,50670,MPO,4,52
10185975,77750,62467,MPO,1,60
10185976,77750,62467,MPO,2,63
10185977,77750,62467,MPO,3,57
10185978,77750,62467,MPO,4,54
10185979,77750,91249,MPO,1,64
10185980,77750,91249,MPO,2,60
10185981,77750,91249,MPO,3,56
10185982,77750,91249,MPO,4,55
10185983,77750,50671,MPO,1,69
10185984,77750,50671,MPO,2,65
10185985,77750,50671,MPO,3,52
10185986,77750,50671,MPO,4,54
10186027,77750,85132,MPO,1,65
10186028,77750,85132,MPO,2,64
10186029,77750,85132,MPO,3,58
10186030,77750,85132,MPO,4,58
10186039,77750,34250,MPO,1,63
10186040,77750,34250,MPO,2,69
10186041,77750,34250,MPO,3,58
10186042,77750,34250,MPO,4,56
10186047,77750,45971,MPO,1,71
10186048,77750,45971,MPO,2,70
10186049,77750,45971,MPO,3,53
10186050,77750,45971,MPO,4,53
10186055,77750,18330,MPO,1,69
10186056,77750,18330,MPO,2,66
10186057,77750,18330,MPO,3,55
10186058,77750,18330,MPO,4,57
10186099,77750,8332,MPO,1,66
10186100,77750,8332,MPO,2,69
10186101,77750,8332,MPO,3,58
10186102,77750,8332,MPO,4,57
10186115,77750,44382,MPO,1,66
10186116,77750,44382,MPO,2,66
10186117,77750,44382,MPO,3,55
10186118,77750,44382,MPO,4,63
10186167,77750,35449,MPO,1,71
10186168,77750,35449,MPO,2,66
10186169,77750,35449,MPO,3,59
10186170,77750,35449,MPO,4,58
10186175,77750,63765,MPO,1,63
10186176,77750,63765,MPO,2,65
10186177,77750,63765,MPO,3,66
10186178,77750,63765,MPO,4,60
10186203,77750,37817,MPO,1,70
10186204,77750,37817,MPO,2,67
10186205,77750,37817,MPO,3,64
10186206,77750,37817,MPO,4,57
10186235,77750,122356,MPO,1,69
10186236,77750,122356,MPO,2,70
10186237,77750,122356,MPO,3,62
10186238,77750,122356,MPO,4,59
10186239,77750,57365,MPO,1,69
10186240,77750,57365,MPO,2,68
10186241,77750,57365,MPO,3,58
10186242,77750,57365,MPO,4,66
10186322,77750,73986,FPO,1,59
10186323,77750,73986,FPO,2,67
10186324,77750,73986,FPO,3,73
10186325,77750,73986,FPO,4,60
10186326,77750,107335,FPO,1,65
10186327,77750,107335,FPO,2,70
10186328,77750,107335,FPO,3,60
10186329,77750,107335,FPO,4,65
10186330,77750,85942,FPO,1,64
10186331,77750,85942,FPO,2,73
10186332,77750,85942,FPO,3,64
10186333,77750,85942,FPO,4,62
10186334,77750,64927,FPO,1,63
10186335,77750,64927,FPO,2,64
10186336,77750,64927,FPO,3,65
10186337,77750,64927,FPO,4,74
10186338,77750,99455,FPO,1,70
10186339,77750,99455,FPO,2,70
10186340,77750,99455,FPO,3,65
10186341,77750,99455,FPO,4,64
10186346,77750,29190,FPO,1,67
10186347,77750,29190,FPO,2,75
10186348,77750,29190,FPO,3,63
10186349,77750,29190,FPO,4,65
10186354,77750,66599,FPO,1,75
10186355,77750,66599,FPO,2,71
10186356,77750,66599,FPO,3,65
10186357,77750,66599,FPO,4,62
10186362,77750,144112,FPO,1,70
10186363,77750,144112,FPO,2,73
10186364,77750,144112,FPO,3,66
10186365,77750,144112,FPO,4,66
10186366,77750,109996,FPO,1,73
10186367,77750,109996,FPO,2,73
10186368,77750,109996,FPO,3,64
10186369,77750,109996,FPO,4,66
10186374,77750,59227,FPO,1,66
10186375,77750,59227,FPO,2,72
10186376,77750,59227,FPO,3,69
10186377,77750,59227,FPO,4,70
10186382,77750,99441,FPO,1,70
10186383,77750,99441,FPO,2,74
10186384,77750,99441,FPO,3,68
10186385,77750,99441,FPO,4,75
10220749,78197,38008,MPO,1,44
10220750,78197,38008,MPO,2,51
10220751,78197,38008,MPO,3,53
10220752,78197,27523,MPO,1,51
10220753,78197,27523,MPO,2,50
10220754,78197,27523,MPO,3,48
10220758,78197,85132,MPO,1,50
10220759,78197,85132,MPO,2,50
10220760,78197,85132,MPO,3,54
10220767,78197,35449,MPO,1,54
10220768,78197,35449,MPO,2,49
10220769,78197,35449,MPO,3,53
10220770,78197,8332,MPO,1,57
10220771,78197,8332,MPO,2,49
10220772,78197,8332,MPO,3,51
10220776,78197,75412,MPO,1,55
10220777,78197,75412,MPO,2,55
10220778,78197,75412,MPO,3,48
10220782,78197,18330,MPO,1,52
10220783,78197,18330,MPO,2,55
10220784,78197,18330,MPO,3,51
10220809,78197,45971,MPO,1,51
10220810,78197,45971,MPO,2,54
10220811,78197,45971,MPO,3,56
10220812,78197,34250,MPO,1,50
10220813,78197,34250,MPO,2,54
10220814,78197,34250,MPO,3,57
10220845,78197,91249,MPO,1,57
10220846,78197,91249,MPO,2,51
10220847,78197,91249,MPO,3,57
10220926,78197,37817,MPO,1,61
10220927,78197,37817,MPO,2,59
10220928,78197,37817,MPO,3,53
10221072,78197,85942,FPO,1,63
10221073,78197,85942,FPO,2,58
10221074,78197,85942,FPO,3,58
10221075,78197,64927,FPO,1,57
10221076,78197,64927,FPO,2,66
10221077,78197,64927,FPO,3,56
10221078,78197,66599,FPO,1,55
10221079,78197,66599,FPO,2,63
10221080,78197,66599,FPO,3,62
10221081,78197,109996,FPO,1,65
10221082,78197,109996,FPO,2,59
10221083,78197,109996,FPO,3,58
10221093,78197,73986,FPO,1,64
10221094,78197,73986,FPO,2,62
10221095,78197,73986,FPO,3,61
10221096,78197,144112,FPO,1,67
10221097,78197,144112,FPO,2,61
10221098,78197,144112,FPO,3,60
10221099,78197,107335,FPO,1,67
10221100,78197,107335,FPO,2,63
10221101,78197,107335,FPO,3,60
10221108,78197,59227,FPO,1,67
10221109,78197,59227,FPO,2,57
10221110,78197,59227,FPO,3,67
10221306,78197,85942,FPO,13,4
10221307,78197,64927,FPO,13,5
10256127,77769,75412,MPO,1,56
10256128,77769,75412,MPO,2,52
10256129,77769,75412,MPO,3,52
10256130,77769,75412,MPO,4,54
10256131,77769,50671,MPO,1,55
10256132,77769,50671,MPO,2,60
10256133,77769,50671,MPO,3,51
10256134,77769,50671,MPO,4,55
10256135,77769,62467,MPO,1,54
10256136,77769,62467,MPO,2,61
10256137,77769,62467,MPO,3,53
10256138,77769,62467,MPO,4,54
10256139,77769,45971,MPO,1,57
10256140,77769,45971,MPO,2,54
10256141,77769,45971,MPO,3,56
10256142,77769,45971,MPO,4,55
10256147,77769,50670,MPO,1,59
10256148,77769,50670,MPO,2,54
10256149,77769,50670,MPO,3,54
10256150,77769,50670,MPO,4,57
10256151,77769,85132,MPO,1,56
10256152,77769,85132,MPO,2,54
10256153,77769,85132,MPO,3,55
10256154,77769,85132,MPO,4,59
10256155,77769,27523,MPO,1,60
10256156,77769,27523,MPO,2,57
10256157,77769,27523,MPO,3,58
10256158,77769,27523,MPO,4,51
10256179,77769,101574,MPO,1,56
10256180,77769,101574,MPO,2,58
10256181,77769,101574,MPO,3,56
10256182,77769,101574,MPO,4,60
10256187,77769,75590,MPO,1,62
10256188,77769,75590,MPO,2,57
10256189,77769,75590,MPO,3,55
10256190,77769,75590,MPO,4,57
10256195,77769,63765,MPO,1,59
10256196,77769,63765,MPO,2,60
10256197,77769,63765,MPO,3,55
10256198,77769,63765,MPO,4,58
10256211,77769,35449,MPO,1,54
10256212,77769,35449,MPO,2,59
10256213,77769,35449,MPO,3,63
10256214,77769,35449,MPO,4,57
10256239,77769,18330,MPO,1,61
10256240,77769,18330,MPO,2,61
10256241,77769,18330,MPO,3,58
10256242,77769,18330,MPO,4,57
10256331,77769,44382,MPO,1,59
10256332,77769,44382,MPO,2,60
10256333,77769,44382,MPO,3,62
10256334,77769,44382,MPO,4,61
10256393,77769,122356,MPO,1,64
10256394,77769,122356,MPO,2,61
10256395,77769,122356,MPO,3,62
10256573,77769,57365,MPO,1,64
10256574,77769,57365,MPO,2,76
10256575,77769,57365,MPO,3,65
10256632,77769,34250,MPO,1,64
10256633,77769,34250,MPO,2,999
10256649,77769,133547,FPO,1,54
10256650,77769,133547,FPO,2,53
10256651,77769,133547,FPO,3,55
10256652,77769,133547,FPO,4,53
10256653,77769,32654,FPO,1,54
10256654,77769,32654,FPO,2,57
10256655,77769,32654,FPO,3,58
10256656,77769,32654,FPO,4,53
10256657,77769,81351,FPO,1,60
10256658,77769,81351,FPO,2,53
10256659,77769,81351,FPO,3,53
10256660,77769,81351,FPO,4,56
10256661,77769,144112,FPO,1,59
10256662,77769,144112,FPO,2,57
10256663,77769,144112,FPO,3,54
10256664,77769,144112,FPO,4,53
10256665,77769,48976,FPO,1,54
10256666,77769,48976,FPO,2,59
10256667,77769,48976,FPO,3,54
10256668,77769,48976,FPO,4,57
10256669,77769,29190,FPO,1,56
10256670,77769,29190,FPO,2,60
10256671,77769,29190,FPO,3,54
10256672,77769,29190,FPO,4,56
10256673,77769,85942,FPO,1,52
10256674,77769,85942,FPO,2,61
10256675,77769,85942,FPO,3,56
10256676,77769,85942,FPO,4,57
10256677,77769,111487,FPO,1,57
10256678,77769,111487,FPO,2,61
10256679,77769,111487,FPO,3,56
10256680,77769,111487,FPO,4,53
10256685,77769,198446,FPO,1,60
10256686,77769,198446,FPO,2,53
10256687,77769,198446,FPO,3,58
10256688,77769,198446,FPO,4,59
10256701,77769,99455,FPO,1,58
10256702,77769,99455,FPO,2,57
10256703,77769,99455,FPO,3,64
10256704,77769,99455,FPO,4,57
10256705,77769,32917,FPO,1,56
10256706,77769,32917,FPO,2,57
10256707,77769,32917,FPO,3,63
10256708,77769,32917,FPO,4,60
10290764,77771,122356,MPO,1,59
10290765,77771,122356,MPO,2,59
10290766,77771,122356,MPO,3,58
10290767,77771,50671,MPO,1,62
10290768,77771,50671,MPO,2,59
10290769,77771,50671,MPO,3,57
10290770,77771,45971,MPO,1,60
10290771,77771,45971,MPO,2,57
10290772,77771,45971,MPO,3,61
10290776,77771,50670,MPO,1,64
10290777,77771,50670,MPO,2,55
10290778,77771,50670,MPO,3,61
10290779,77771,75590,MPO,1,61
10290780,77771,75590,MPO,2,61
10290781,77771,75590,MPO,3,59
10290788,77771,75412,MPO,1,61
10290789,77771,75412,MPO,2,63
10290790,77771,75412,MPO,3,61
10290794,77771,85132,MPO,1,63
10290795,77771,85132,MPO,2,65
10290796,77771,85132,MPO,3,58
10290800,77771,101574,MPO,1,66
10290801,77771,101574,MPO,2,61
10290802,77771,101574,MPO,3,60
10290812,77771,62467,MPO,1,63
10290813,77771,62467,MPO,2,61
10290814,77771,62467,MPO,3,64
10290821,77771,38008,MPO,1,61
10290822,77771,38008,MPO,2,62
10290823,77771,38008,MPO,3,66
10290860,77771,57365,MPO,1,69
10290861,77771,57365,MPO,2,63
10290862,77771,57365,MPO,3,61
10290899,77771,44382,MPO,1,65
10290900,77771,44382,MPO,2,64
10290901,77771,44382,MPO,3,66
10290947,77771,8332,MPO,1,69
10290948,77771,8332,MPO,2,62
10290949,77771,8332,MPO,3,67
10290968,77771,63765,MPO,1,64
10290969,77771,63765,MPO,2,68
10290970,77771,63765,MPO,3,68
10291085,77771,48976,FPO,1,69
10291086,77771,48976,FPO,2,68
10291087,77771,48976,FPO,3,66
10291088,77771,114560,FPO,1,72
10291089,77771,114560,FPO,2,71
10291090,77771,114560,FPO,3,64
10291100,77771,133547,FPO,1,70
10291101,77771,133547,FPO,2,74
10291102,77771,133547,FPO,3,71
10291109,77771,99455,FPO,1,75
10291110,77771,99455,FPO,2,69
10291111,77771,99455,FPO,3,72
10291121,77771,85942,FPO,1,75
10291122,77771,85942,FPO,2,74
10291123,77771,85942,FPO,3,69
10291124,77771,111487,FPO,1,67
10291125,77771,111487,FPO,2,80
10291126,77771,111487,FPO,3,73
10291139,77771,32917,FPO,1,69
10291140,77771,32917,FPO,2,74
10291141,77771,32917,FPO,3,80
10291142,77771,99441,FPO,1,72
10291143,77771,99441,FPO,2,79
10291144,77771,99441,FPO,3,73
10291169,77771,198446,FPO,1,76
10291170,77771,198446,FPO,2,78
10291171,77771,198446,FPO,3,76
10350873,71315,50670,MPO,1,57
10350874,71315,50670,MPO,2,59
10350875,71315,50670,MPO,3,61
10350876,71315,50670,MPO,4,61
10350877,71315,50670,MPO,5,62
10350878,71315,91249,MPO,1,63
10350879,71315,91249,MPO,2,61
10350880,71315,91249,MPO,3,59
10350881,71315,91249,MPO,4,58
10350882,71315,91249,MPO,5,63
10350883,71315,37817,MPO,1,65
10350884,71315,37817,MPO,2,61
10350885,71315,37817,MPO,3,60
10350886,71315,37817,MPO,4,60
10350887,71315,37817,MPO,5,59
10350893,71315,45971,MPO,1,64
10350894,71315,45971,MPO,2,58
10350895,71315,45971,MPO,3,63
10350896,71315,45971,MPO,4,58
10350897,71315,45971,MPO,5,63
10350898,71315,38008,MPO,1,63
10350899,71315,38008,MPO,2,61
10350900,71315,38008,MPO,3,62
10350901,71315,38008,MPO,4,60
10350902,71315,38008,MPO,5,61
10350903,71315,8332,MPO,1,61
10350904,71315,8332,MPO,2,59
10350905,71315,8332,MPO,3,65
10350906,71315,8332,MPO,4,66
10350907,71315,8332,MPO,5,57
10350908,71315,75412,MPO,1,63
10350909,71315,75412,MPO,2,59
10350910,71315,75412,MPO,3,66
10350911,71315,75412,MPO,4,58
10350912,71315,75412,MPO,5,62
10350913,71315,50671,MPO,1,64
10350914,71315,50671,MPO,2,66
10350915,71315,50671,MPO,3,60
10350916,71315,50671,MPO,4,63
10350917,71315,50671,MPO,5,56
10350923,71315,62467,MPO,1,62
10350924,71315,62467,MPO,2,63
10350925,71315,62467,MPO,3,66
10350926,71315,62467,MPO,4,58
10350927,71315,62467,MPO,5,61
10350933,71315,44382,MPO,1,57
10350934,71315,44382,MPO,2,67
10350935,71315,44382,MPO,3,64
10350936,71315,44382,MPO,4,65
10350937,71315,44382,MPO,5,59
10350938,71315,34250,MPO,1,66
10350939,71315,34250,MPO,2,61
10350940,71315,34250,MPO,3,61
10350941,71315,34250,MPO,4,61
10350942,71315,34250,MPO,5,63
10350943,71315,122356,MPO,1,59
10350944,71315,122356,MPO,2,60
10350945,71315,122356,MPO,3,62
10350946,71315,122356,MPO,4,68
10350947,71315,122356,MPO,5,64
10350948,71315,27523,MPO,1,63
10350949,71315,27523,MPO,2,61
10350950,71315,27523,MPO,3,68
10350951,71315,27523,MPO,4,60
10350952,71315,27523,MPO,5,63
10350953,71315,57365,MPO,1,62
10350954,71315,57365,MPO,2,57
10350955,71315,57365,MPO,3,68
10350956,71315,57365,MPO,4,65
10350957,71315,57365,MPO,5,63
10350978,71315,101574,MPO,1,63
10350979,71315,101574,MPO,2,59
10350980,71315,101574,MPO,3,64
10350981,71315,101574,MPO,4,67
10350982,71315,101574,MPO,5,66
10350993,71315,85132,MPO,1,65
10350994,71315,85132,MPO,2,67
10350995,71315,85132,MPO,3,61
10350996,71315,85132,MPO,4,65
10350997,71315,85132,MPO,5,62
10351078,71315,75590,MPO,1,63
10351079,71315,75590,MPO,2,66
10351080,71315,75590,MPO,3,66
10351081,71315,75590,MPO,4,62
10351082,71315,75590,MPO,5,68
10351138,71315,35449,MPO,1,66
10351139,71315,35449,MPO,2,65
10351140,71315,35449,MPO,3,67
10351141,71315,35449,MPO,4,66
10351142,71315,35449,MPO,5,65
10351193,71315,63765,MPO,1,74
10351194,71315,63765,MPO,2,67
10351195,71315,63765,MPO,3,65
10351196,71315,63765,MPO,4,64
10351197,71315,63765,MPO,5,62
10351767,71315,18330,MPO,1,66
10351768,71315,18330,MPO,2,70
10351769,71315,18330,MPO,3,67
10351770,71315,18330,MPO,4,999
10351789,71315,64927,FPO,1,65
10351790,71315,64927,FPO,2,64
10351791,71315,64927,FPO,3,61
10351792,71315,64927,FPO,4,67
10351793,71315,64927,FPO,5,70
10351794,71315,99455,FPO,1,62
10351795,71315,99455,FPO,2,68
10351796,71315,99455,FPO,3,67
10351797,71315,99455,FPO,4,64
10351798,71315,99455,FPO,5,68
10351799,71315,73986,FPO,1,70
10351800,71315,73986,FPO,2,68
10351801,71315,73986,FPO,3,64
10351802,71315,73986,FPO,4,63
10351803,71315,73986,FPO,5,67
10351804,71315,133547,FPO,1,59
10351805,71315,133547,FPO,2,67
10351806,71315,133547,FPO,3,64
10351807,71315,133547,FPO,4,66
10351808,71315,133547,FPO,5,77
10351809,71315,114560,FPO,1,68
10351810,71315,114560,FPO,2,64
10351811,71315,114560,FPO,3,66
10351812,71315,114560,FPO,4,66
10351813,71315,114560,FPO,5,70
10351814,71315,85942,FPO,1,65
10351815,71315,85942,FPO,2,72
10351816,71315,85942,FPO,3,68
10351817,71315,85942,FPO,4,65
10351818,71315,85942,FPO,5,66
10351819,71315,81351,FPO,1,71
10351820,71315,81351,FPO,2,64
10351821,71315,81351,FPO,3,66
10351822,71315,81351,FPO,4,69
10351823,71315,81351,FPO,5,69
10351824,71315,66599,FPO,1,72
10351825,71315,66599,FPO,2,65
10351826,71315,66599,FPO,3,68
10351827,71315,66599,FPO,4,68
10351828,71315,66599,FPO,5,67
10351829,71315,29190,FPO,1,65
10351830,71315,29190,FPO,2,74
10351831,71315,29190,FPO,3,68
10351832,71315,29190,FPO,4,74
10351833,71315,29190,FPO,5,64
10351834,71315,59227,FPO,1,64
10351835,71315,59227,FPO,2,68
10351836,71315,59227,FPO,3,71
10351837,71315,59227,FPO,4,72
10351838,71315,59227,FPO,5,70
10351839,71315,107335,FPO,1,64
10351840,71315,107335,FPO,2,78
10351841,71315,107335,FPO,3,68
10351842,71315,107335,FPO,4,68
10351843,71315,107335,FPO,5,68
10351844,71315,32917,FPO,1,68
10351845,71315,32917,FPO,2,72
10351846,71315,32917,FPO,3,67
10351847,71315,32917,FPO,4,75
10351848,71315,32917,FPO,5,65
10351849,71315,48976,FPO,1,69
10351850,71315,48976,FPO,2,71
10351851,71315,48976,FPO,3,69
10351852,71315,48976,FPO,4,72
10351853,71315,48976,FPO,5,66
10351854,71315,109996,FPO,1,69
10351855,71315,109996,FPO,2,69
10351856,71315,109996,FPO,3,65
10351857,71315,109996,FPO,4,76
10351858,71315,109996,FPO,5,68
10351859,71315,32654,FPO,1,70
10351860,71315,32654,FPO,2,72
10351861,71315,32654,FPO,3,69
10351862,71315,32654,FPO,4,67
10351863,71315,32654,FPO,5,69
10351864,71315,144112,FPO,1,72
10351865,71315,144112,FPO,2,73
10351866,71315,144112,FPO,3,69
10351867,71315,144112,FPO,4,70
10351868,71315,144112,FPO,5,64
10351879,71315,111487,FPO,1,65
10351880,71315,111487,FPO,2,66
10351881,71315,111487,FPO,3,72
10351882,71315,111487,FPO,4,78
10351883,71315,111487,FPO,5,71
10351884,71315,62879,FPO,1,68
10351885,71315,62879,FPO,2,73
10351886,71315,62879,FPO,3,70
10351887,71315,62879,FPO,4,73
10351888,71315,62879,FPO,5,70
10351889,71315,99441,FPO,1,68
10351890,71315,99441,FPO,2,75
10351891,71315,99441,FPO,3,70
10351892,71315,99441,FPO,4,72
10351893,71315,99441,FPO,5,70
10352165,71315,198446,FPO,1,70
10352166,71315,198446,FPO,2,77
10352167,71315,198446,FPO,3,999
10409779,77772,50670,MPO,1,55
10409781,77772,45971,MPO,1,57
10409782,77772,8332,MPO,1,58
10409783,77772,35449,MPO,1,58
10409784,77772,38008,MPO,1,58
10409786,77772,75590,MPO,1,58
10409789,77772,34250,MPO,1,59
10409790,77772,62467,MPO,1,59
10409791,77772,75412,MPO,1,59
10409793,77772,101574,MPO,1,59
10409795,77772,57365,MPO,1,60
10409796,77772,85132,MPO,1,60
10409798,77772,91249,MPO,1,60
10409800,77772,27523,MPO,1,61
10409801,77772,37817,MPO,1,61
10409807,77772,50671,MPO,1,62
10409835,77772,63765,MPO,1,64
10409840,77772,44382,MPO,1,65
10409885,77772,48976,FPO,1,59
10409886,77772,66599,FPO,1,61
10409887,77772,81351,FPO,1,61
10409888,77772,73986,FPO,1,62
10409889,77772,99455,FPO,1,62
10409890,77772,133547,FPO,1,62
10409891,77772,85942,FPO,1,63
10409892,77772,109996,FPO,1,63
10409895,77772,62879,FPO,1,64
10409897,77772,144112,FPO,1,64
10409900,77772,29190,FPO,1,66
10409901,77772,32917,FPO,1,66
10409903,77772,111487,FPO,1,66
10409904,77772,114560,FPO,1,66
10409911,77772,99441,FPO,1,68
10409913,77772,198446,FPO,1,68
10409919,77772,32654,FPO,1,71
10414070,77772,75412,MPO,2,55
10414071,77772,75412,MPO,3,54
10414072,77772,75412,MPO,4,60
10414073,77772,50670,MPO,2,60
10414074,77772,50670,MPO,3,59
10414075,77772,50670,MPO,4,56
10414076,77772,38008,MPO,2,59
10414077,77772,38008,MPO,3,56
10414078,77772,38008,MPO,4,57
10414079,77772,101574,MPO,2,58
10414080,77772,101574,MPO,3,58
10414081,77772,101574,MPO,4,57
10414082,77772,8332,MPO,2,62
10414083,77772,8332,MPO,3,57
10414084,77772,8332,MPO,4,59
10414088,77772,45971,MPO,2,58
10414089,77772,45971,MPO,3,58
10414090,77772,45971,MPO,4,65
10414094,77772,37817,MPO,2,60
10414095,77772,37817,MPO,3,62
10414096,77772,37817,MPO,4,59
10414097,77772,57365,MPO,2,60
10414098,77772,57365,MPO,3,65
10414099,77772,57365,MPO,4,58
10414100,77772,34250,MPO,2,61
10414101,77772,34250,MPO,3,62
10414102,77772,34250,MPO,4,61
10414103,77772,27523,MPO,2,65
10414104,77772,27523,MPO,3,60
10414105,77772,27523,MPO,4,59
10414109,77772,35449,MPO,2,60
10414110,77772,35449,MPO,3,64
10414111,77772,35449,MPO,4,63
10414115,77772,62467,MPO,2,62
10414116,77772,62467,MPO,3,63
10414117,77772,62467,MPO,4,62
10414127,77772,50671,MPO,2,63
10414128,77772,50671,MPO,3,64
10414129,77772,50671,MPO,4,59
10414130,77772,85132,MPO,2,65
10414131,77772,85132,MPO,3,66
10414132,77772,85132,MPO,4,59
10414136,77772,44382,MPO,2,61
10414137,77772,44382,MPO,3,60
10414138,77772,44382,MPO,4,64
10414148,77772,75590,MPO,2,67
10414149,77772,75590,MPO,3,66
10414150,77772,75590,MPO,4,61
10414160,77772,63765,MPO,2,62
10414161,77772,63765,MPO,3,64
10414162,77772,63765,MPO,4,63
10414206,77772,91249,MPO,2,67
10414207,77772,91249,MPO,3,65
10414325,77772,133547,FPO,2,65
10414326,77772,133547,FPO,3,58
10414327,77772,133547,FPO,4,61
10414328,77772,81351,FPO,2,64
10414329,77772,81351,FPO,3,63
10414330,77772,81351,FPO,4,61
10414331,77772,73986,FPO,2,60
10414332,77772,73986,FPO,3,64
10414333,77772,73986,FPO,4,66
10414334,77772,48976,FPO,2,64
10414335,77772,48976,FPO,3,66
10414336,77772,48976,FPO,4,64
10414337,77772,109996,FPO,2,62
10414338,77772,109996,FPO,3,66
10414339,77772,109996,FPO,4,63
10414340,77772,99455,FPO,2,59
10414341,77772,99455,FPO,3,66
10414342,77772,99455,FPO,4,70
10414343,77772,85942,FPO,2,64
10414344,77772,85942,FPO,3,65
10414345,77772,85942,FPO,4,67
10414346,77772,62879,FPO,2,64
10414347,77772,62879,FPO,3,69
10414348,77772,62879,FPO,4,65
10414349,77772,32917,FPO,2,65
10414350,77772,32917,FPO,3,64
10414351,77772,32917,FPO,4,67
10414352,77772,144112,FPO,2,67
10414353,77772,144112,FPO,3,62
10414354,77772,144112,FPO,4,71
10414358,77772,99441,FPO,2,65
10414359,77772,99441,FPO,3,66
10414360,77772,99441,FPO,4,67
10414367,77772,114560,FPO,2,67
10414368,77772,114560,FPO,3,65
10414369,77772,114560,FPO,4,70
10414370,77772,66599,FPO,2,65
10414371,77772,66599,FPO,3,69
10414372,77772,66599,FPO,4,73
10414391,77772,111487,FPO,2,63
10414392,77772,111487,FPO,3,73
10414393,77772,111487,FPO,4,75
10414431,77772,198446,FPO,2,71
10414432,77772,198446,FPO,3,81
10414441,77772,29190,FPO,2,64
10414442,77772,29190,FPO,3,999
10414443,77772,32654,FPO,2,999
10475465,82419,75412,MPO,1,54
10475466,82419,75412,MPO,2,47
10475467,82419,75412,MPO,3,52
10475468,82419,75412,MPO,4,51
10475469,82419,38008,MPO,1,57
10475470,82419,38008,MPO,2,52
10475471,82419,38008,MPO,3,51
10475472,82419,38008,MPO,4,51
10475473,82419,101574,MPO,1,55
10475474,82419,101574,MPO,2,49
10475475,82419,101574,MPO,3,55
10475476,82419,101574,MPO,4,54
10475485,82419,122356,MPO,1,55
10475486,82419,122356,MPO,2,51
10475487,82419,122356,MPO,3,52
10475488,82419,122356,MPO,4,57
10475489,82419,37817,MPO,1,52
10475490,82419,37817,MPO,2,54
10475491,82419,37817,MPO,3,57
10475492,82419,37817,MPO,4,53
10475493,82419,63765,MPO,1,57
10475494,82419,63765,MPO,2,52
10475495,82419,63765,MPO,3,53
10475496,82419,63765,MPO,4,54
10475497,82419,27523,MPO,1,56
10475498,82419,27523,MPO,2,50
10475499,82419,27523,MPO,3,56
10475500,82419,27523,MPO,4,54
10475501,82419,57365,MPO,1,55
10475502,82419,57365,MPO,2,53
10475503,82419,57365,MPO,3,55
10475504,82419,57365,MPO,4,54
10475509,82419,50670,MPO,1,54
10475510,82419,50670,MPO,2,56
10475511,82419,50670,MPO,3,52
10475512,82419,50670,MPO,4,55
10475517,82419,50671,MPO,1,56
10475518,82419,50671,MPO,2,52
10475519,82419,50671,MPO,3,53
10475520,82419,50671,MPO,4,57
10475521,82419,18330,MPO,1,54
10475522,82419,18330,MPO,2,61
10475523,82419,18330,MPO,3,52
10475524,82419,18330,MPO,4,52
10475529,82419,62467,MPO,1,54
10475530,82419,62467,MPO,2,56
10475531,82419,62467,MPO,3,54
10475532,82419,62467,MPO,4,55
10475549,82419,91249,MPO,1,55
10475550,82419,91249,MPO,2,53
10475551,82419,91249,MPO,3,57
10475552,82419,91249,MPO,4,56
10475561,82419,85132,MPO,1,60
10475562,82419,85132,MPO,2,52
10475563,82419,85132,MPO,3,52
10475564,82419,85132,MPO,4,58
10475569,82419,35449,MPO,1,55
10475570,82419,35449,MPO,2,52
10475571,82419,35449,MPO,3,58
10475572,82419,35449,MPO,4,58
10475581,82419,45971,MPO,1,57
10475582,82419,45971,MPO,2,56
10475583,82419,45971,MPO,3,55
10475584,82419,45971,MPO,4,57
10475593,82419,75590,MPO,1,54
10475594,82419,75590,MPO,2,55
10475595,82419,75590,MPO,3,60
10475596,82419,75590,MPO,4,57
10475625,82419,34250,MPO,1,62
10475626,82419,34250,MPO,2,52
10475627,82419,34250,MPO,3,55
10475628,82419,34250,MPO,4,60
10475733,82419,44382,MPO,1,59
10475734,82419,44382,MPO,2,55
10475735,82419,44382,MPO,3,59
10475736,82419,44382,MPO,4,63
10475741,82419,8332,MPO,1,56
10475742,82419,8332,MPO,2,53
10475743,82419,8332,MPO,3,56
10475744,82419,8332,MPO,4,71
10475815,82419,73986,FPO,1,55
10475816,82419,73986,FPO,2,56
10475817,82419,73986,FPO,3,60
10475818,82419,73986,FPO,4,58
10475819,82419,107335,FPO,1,58
10475820,82419,107335,FPO,2,57
10475821,82419,107335,FPO,3,55
10475822,82419,107335,FPO,4,59
10475823,82419,48976,FPO,1,57
10475824,82419,48976,FPO,2,60
10475825,82419,48976,FPO,3,53
10475826,82419,48976,FPO,4,63
10475827,82419,133547,FPO,1,64
10475828,82419,133547,FPO,2,59
10475829,82419,133547,FPO,3,55
10475830,82419,133547,FPO,4,58
10475831,82419,85942,FPO,1,60
10475832,82419,85942,FPO,2,59
10475833,82419,85942,FPO,3,52
10475834,82419,85942,FPO,4,66
10475835,82419,59227,FPO,1,58
10475836,82419,59227,FPO,2,59
10475837,82419,59227,FPO,3,60
10475838,82419,59227,FPO,4,62
10475839,82419,81351,FPO,1,58
10475840,82419,81351,FPO,2,63
10475841,82419,81351,FPO,3,56
10475842,82419,81351,FPO,4,63
10475843,82419,109996,FPO,1,60
10475844,82419,109996,FPO,2,60
10475845,82419,109996,FPO,3,58
10475846,82419,109996,FPO,4,63
10475847,82419,99455,FPO,1,61
10475848,82419,99455,FPO,2,61
10475849,82419,99455,FPO,3,58
10475850,82419,99455,FPO,4,65
10475851,82419,64927,FPO,1,59
10475852,82419,64927,FPO,2,61
10475853,82419,64927,FPO,3,58
10475854,82419,64927,FPO,4,67
10475855,82419,144112,FPO,1,62
10475856,82419,144112,FPO,2,60
10475857,82419,144112,FPO,3,65
10475858,82419,144112,FPO,4,61
10475859,82419,32917,FPO,1,58
10475860,82419,32917,FPO,2,61
10475861,82419,32917,FPO,3,63
10475862,82419,32917,FPO,4,66
10475867,82419,62879,FPO,1,61
10475868,82419,62879,FPO,2,63
10475869,82419,62879,FPO,3,61
10475870,82419,62879,FPO,4,65
10475871,82419,66599,FPO,1,62
10475872,82419,66599,FPO,2,67
10475873,82419,66599,FPO,3,58
10475874,82419,66599,FPO,4,65
10475875,82419,29190,FPO,1,63
10475876,82419,29190,FPO,2,67
10475877,82419,29190,FPO,3,56
10475878,82419,29190,FPO,4,66
10475891,82419,114560,FPO,1,61
10475892,82419,114560,FPO,2,66
10475893,82419,114560,FPO,3,68
10475894,82419,114560,FPO,4,63
10475903,82419,198446,FPO,1,60
10475904,82419,198446,FPO,2,67
10475905,82419,198446,FPO,3,61
10475906,82419,198446,FPO,4,71
10475907,82419,111487,FPO,1,63
10475908,82419,111487,FPO,2,68
10475909,82419,111487,FPO,3,62
10475910,82419,111487,FPO,4,67
10475939,82419,99441,FPO,1,61
10475940,82419,99441,FPO,2,72
10475941,82419,99441,FPO,3,62
10475942,82419,99441,FPO,4,71
10477805,82419,73986,FPO,13,4
10477806,82419,107335,FPO,13,6
10507618,77773,34250,MPO,1,56
10507619,77773,34250,MPO,2,52
10507620,77773,34250,MPO,3,51
10507621,77773,34250,MPO,4,52
10507622,77773,27523,MPO,1,52
10507623,77773,27523,MPO,2,57
10507624,77773,27523,MPO,3,54
10507625,77773,27523,MPO,4,49
10507630,77773,75412,MPO,1,52
10507631,77773,75412,MPO,2,55
10507632,77773,75412,MPO,3,51
10507633,77773,75412,MPO,4,55
10507634,77773,35449,MPO,1,55
10507635,77773,35449,MPO,2,50
10507636,77773,35449,MPO,3,52
10507637,77773,35449,MPO,4,56
10507638,77773,38008,MPO,1,53
10507639,77773,38008,MPO,2,52
10507640,77773,38008,MPO,3,52
10507641,77773,38008,MPO,4,56
10507650,77773,50671,MPO,1,52
10507651,77773,50671,MPO,2,55
10507652,77773,50671,MPO,3,55
10507653,77773,50671,MPO,4,54
10507662,77773,62467,MPO,1,55
10507663,77773,62467,MPO,2,59
10507664,77773,62467,MPO,3,53
10507665,77773,62467,MPO,4,53
10507674,77773,44382,MPO,1,58
10507675,77773,44382,MPO,2,60
10507676,77773,44382,MPO,3,52
10507677,77773,44382,MPO,4,51
10507678,77773,75590,MPO,1,61
10507679,77773,75590,MPO,2,59
10507680,77773,75590,MPO,3,49
10507681,77773,75590,MPO,4,53
10507698,77773,18330,MPO,1,55
10507699,77773,18330,MPO,2,59
10507700,77773,18330,MPO,3,55
10507701,77773,18330,MPO,4,54
10507706,77773,101574,MPO,1,57
10507707,77773,101574,MPO,2,56
10507708,77773,101574,MPO,3,53
10507709,77773,101574,MPO,4,57
10507710,77773,85132,MPO,1,57
10507711,77773,85132,MPO,2,55
10507712,77773,85132,MPO,3,54
10507713,77773,85132,MPO,4,57
10507722,77773,91249,MPO,1,57
10507723,77773,91249,MPO,2,57
10507724,77773,91249,MPO,3,54
10507725,77773,91249,MPO,4,56
10507726,77773,45971,MPO,1,59
10507727,77773,45971,MPO,2,55
10507728,77773,45971,MPO,3,57
10507729,77773,45971,MPO,4,54
10507742,77773,57365,MPO,1,56
10507743,77773,57365,MPO,2,61
10507744,77773,57365,MPO,3,55
10507745,77773,57365,MPO,4,55
10507790,77773,122356,MPO,1,57
10507791,77773,122356,MPO,2,60
10507792,77773,122356,MPO,3,62
10507793,77773,122356,MPO,4,53
10507822,77773,37817,MPO,1,65
10507823,77773,37817,MPO,2,51
10507824,77773,37817,MPO,3,62
10507825,77773,37817,MPO,4,57
10507830,77773,63765,MPO,1,58
10507831,77773,63765,MPO,2,53
10507832,77773,63765,MPO,3,64
10507833,77773,63765,MPO,4,60
10507874,77773,8332,MPO,1,62
10507875,77773,8332,MPO,2,59
10507876,77773,8332,MPO,3,58
10507877,77773,8332,MPO,4,63
10507938,77773,85942,FPO,1,56
10507939,77773,85942,FPO,2,56
10507940,77773,85942,FPO,3,57
10507941,77773,85942,FPO,4,53
10507942,77773,73986,FPO,1,57
10507943,77773,73986,FPO,2,52
10507944,77773,73986,FPO,3,57
10507945,77773,73986,FPO,4,58
10507946,77773,48976,FPO,1,58
10507947,77773,48976,FPO,2,55
10507948,77773,48976,FPO,3,57
10507949,77773,48976,FPO,4,55
10507950,77773,29190,FPO,1,59
10507951,77773,29190,FPO,2,55
10507952,77773,29190,FPO,3,57
10507953,77773,29190,FPO,4,55
10507954,77773,144112,FPO,1,56
10507955,77773,144112,FPO,2,61
10507956,77773,144112,FPO,3,54
10507957,77773,144112,FPO,4,56
10507958,77773,133547,FPO,1,62
10507959,77773,133547,FPO,2,52
10507960,77773,133547,FPO,3,60
10507961,77773,133547,FPO,4,59
10507962,77773,99455,FPO,1,61
10507963,77773,99455,FPO,2,58
10507964,77773,99455,FPO,3,55
10507965,77773,99455,FPO,4,62
10507970,77773,59227,FPO,1,62
10507971,77773,59227,FPO,2,58
10507972,77773,59227,FPO,3,63
10507973,77773,59227,FPO,4,55
10507974,77773,66599,FPO,1,65
10507975,77773,66599,FPO,2,58
10507976,77773,66599,FPO,3,58
10507977,77773,66599,FPO,4,57
10507978,77773,81351,FPO,1,63
10507979,77773,81351,FPO,2,58
10507980,77773,81351,FPO,3,60
10507981,77773,81351,FPO,4,57
10507982,77773,32917,FPO,1,61
10507983,77773,32917,FPO,2,59
10507984,77773,32917,FPO,3,61
10507985,77773,32917,FPO,4,57
10507986,77773,64927,FPO,1,60
10507987,77773,64927,FPO,2,57
10507988,77773,64927,FPO,3,64
10507989,77773,64927,FPO,4,57
10507994,77773,198446,FPO,1,60
10507995,77773,198446,FPO,2,62
10507996,77773,198446,FPO,3,57
10507997,77773,198446,FPO,4,63
10507998,77773,109996,FPO,1,58
10507999,77773,109996,FPO,2,59
10508000,77773,109996,FPO,3,60
10508001,77773,109996,FPO,4,66
10508002,77773,62879,FPO,1,59
10508003,77773,62879,FPO,2,60
10508004,77773,62879,FPO,3,62
10508005,77773,62879,FPO,4,63
10508010,77773,114560,FPO,1,57
10508011,77773,114560,FPO,2,56
10508012,77773,114560,FPO,3,64
10508013,77773,114560,FPO,4,69
10508022,77773,107335,FPO,1,70
10508023,77773,107335,FPO,2,59
10508024,77773,107335,FPO,3,62
10508025,77773,107335,FPO,4,63
10508030,77773,32654,FPO,1,67
10508031,77773,32654,FPO,2,60
10508032,77773,32654,FPO,3,63
10508033,77773,32654,FPO,4,67
10508042,77773,111487,FPO,1,66
10508043,77773,111487,FPO,2,61
10508044,77773,111487,FPO,3,62
10508045,77773,111487,FPO,4,69
10508066,77773,99441,FPO,1,74
10508067,77773,99441,FPO,2,63
10508068,77773,99441,FPO,3,69
10508069,77773,99441,FPO,4,68
10589604,77774,75412,MPO,1,1
10589605,77774,75412,MPO,2,61
10589606,77774,75412,MPO,3,52
10589607,77774,75412,MPO,4,60
10589608,77774,75412,MPO,5,55
10589609,77774,38008,MPO,1,2
10589610,77774,38008,MPO,2,58
10589611,77774,38008,MPO,3,53
10589612,77774,38008,MPO,4,55
10589613,77774,38008,MPO,5,62
10589614,77774,50671,MPO,1,5
10589615,77774,50671,MPO,2,62
10589616,77774,50671,MPO,3,55
10589617,77774,50671,MPO,4,59
10589618,77774,50671,MPO,5,59
10589619,77774,45971,MPO,1,4
10589620,77774,45971,MPO,2,65
10589621,77774,45971,MPO,3,58
10589622,77774,45971,MPO,4,56
10589623,77774,45971,MPO,5,61
10589624,77774,50670,MPO,1,5
10589625,77774,50670,MPO,2,59
10589626,77774,50670,MPO,3,57
10589627,77774,50670,MPO,4,61
10589628,77774,50670,MPO,5,62
10589629,77774,91249,MPO,1,3
10589630,77774,91249,MPO,2,62
10589631,77774,91249,MPO,3,57
10589632,77774,91249,MPO,4,60
10589633,77774,91249,MPO,5,64
10589634,77774,34250,MPO,1,7
10589635,77774,34250,MPO,2,58
10589636,77774,34250,MPO,3,62
10589637,77774,34250,MPO,4,63
10589638,77774,34250,MPO,5,60
10589639,77774,101574,MPO,1,9
10589640,77774,101574,MPO,2,59
10589641,77774,101574,MPO,3,65
10589642,77774,101574,MPO,4,55
10589643,77774,101574,MPO,5,62
10589649,77774,85132,MPO,1,6
10589650,77774,85132,MPO,2,66
10589651,77774,85132,MPO,3,59
10589652,77774,85132,MPO,4,61
10589653,77774,85132,MPO,5,61
10589654,77774,18330,MPO,1,6
10589655,77774,18330,MPO,2,62
10589656,77774,18330,MPO,3,62
10589657,77774,18330,MPO,4,62
10589658,77774,18330,MPO,5,64
10589659,77774,27523,MPO,1,5
10589660,77774,27523,MPO,2,65
10589661,77774,27523,MPO,3,63
10589662,77774,27523,MPO,4,62
10589663,77774,27523,MPO,5,62
10589669,77774,57365,MPO,1,7
10589670,77774,57365,MPO,2,63
10589671,77774,57365,MPO,3,61
10589672,77774,57365,MPO,4,62
10589673,77774,57365,MPO,5,65
10589674,77774,35449,MPO,1,7
10589675,77774,35449,MPO,2,61
10589676,77774,35449,MPO,3,66
10589677,77774,35449,MPO,4,65
10589678,77774,35449,MPO,5,60
10589679,77774,63765,MPO,1,8
10589680,77774,63765,MPO,2,63
10589681,77774,63765,MPO,3,63
10589682,77774,63765,MPO,4,61
10589683,77774,63765,MPO,5,64
10589684,77774,122356,MPO,1,6
10589685,77774,122356,MPO,2,63
10589686,77774,122356,MPO,3,61
10589687,77774,122356,MPO,4,65
10589688,77774,122356,MPO,5,64
10589689,77774,44382,MPO,1,5
10589690,77774,44382,MPO,2,68
10589691,77774,44382,MPO,3,61
10589692,77774,44382,MPO,4,62
10589693,77774,44382,MPO,5,64
10589694,77774,62467,MPO,1,6
10589695,77774,62467,MPO,2,63
10589696,77774,62467,MPO,3,61
10589697,77774,62467,MPO,4,64
10589698,77774,62467,MPO,5,68
10589709,77774,37817,MPO,1,10
10589710,77774,37817,MPO,2,69
10589711,77774,37817,MPO,3,58
10589712,77774,37817,MPO,4,62
10589713,77774,37817,MPO,5,66
10589729,77774,75590,MPO,1,9
10589730,77774,75590,MPO,2,67
10589731,77774,75590,MPO,3,70
10589732,77774,75590,MPO,4,60
10589733,77774,75590,MPO,5,62
10589754,77774,8332,MPO,1,8
10589755,77774,8332,MPO,2,68
10589756,77774,8332,MPO,3,65
10589757,77774,8332,MPO,4,62
10589758,77774,8332,MPO,5,70
10589769,77774,85942,FPO,1,1
10589770,77774,85942,FPO,2,68
10589771,77774,85942,FPO,3,64
10589772,77774,85942,FPO,4,61
10589773,77774,85942,FPO,5,60
10589774,77774,73986,FPO,1,3
10589775,77774,73986,FPO,2,63
10589776,77774,73986,FPO,3,63
10589777,77774,73986,FPO,4,65
10589778,77774,73986,FPO,5,62
10589779,77774,48976,FPO,1,4
10589780,77774,48976,FPO,2,65
10589781,77774,48976,FPO,3,63
10589782,77774,48976,FPO,4,61
10589783,77774,48976,FPO,5,63
10589784,77774,64927,FPO,1,5
10589785,77774,64927,FPO,2,63
10589786,77774,64927,FPO,3,65
10589787,77774,64927,FPO,4,67
10589788,77774,64927,FPO,5,65
10589789,77774,107335,FPO,1,9
10589790,77774,107335,FPO,2,62
10589791,77774,107335,FPO,3,66
10589792,77774,107335,FPO,4,62
10589793,77774,107335,FPO,5,67
10589794,77774,59227,FPO,1,7
10589795,77774,59227,FPO,2,64
10589796,77774,59227,FPO,3,63
10589797,77774,59227,FPO,4,71
10589798,77774,59227,FPO,5,67
10589799,77774,133547,FPO,1,2
10589800,77774,133547,FPO,2,66
10589801,77774,133547,FPO,3,64
10589802,77774,133547,FPO,4,72
10589803,77774,133547,FPO,5,70
10589804,77774,109996,FPO,1,7
10589805,77774,109996,FPO,2,65
10589806,77774,109996,FPO,3,69
10589807,77774,109996,FPO,4,65
10589808,77774,109996,FPO,5,74
10589809,77774,29190,FPO,1,9
10589810,77774,29190,FPO,2,69
10589811,77774,29190,FPO,3,70
10589812,77774,29190,FPO,4,67
10589813,77774,29190,FPO,5,68
10589819,77774,99455,FPO,1,6
10589820,77774,99455,FPO,2,75
10589821,77774,99455,FPO,3,67
10589822,77774,99455,FPO,4,68
10589823,77774,99455,FPO,5,69
10589824,77774,144112,FPO,1,5
10589825,77774,144112,FPO,2,69
10589826,77774,144112,FPO,3,74
10589827,77774,144112,FPO,4,67
10589828,77774,144112,FPO,5,70
10589829,77774,81351,FPO,1,8
10589830,77774,81351,FPO,2,73
10589831,77774,81351,FPO,3,66
10589832,77774,81351,FPO,4,67
10589833,77774,81351,FPO,5,71
10589834,77774,114560,FPO,1,6
10589835,77774,114560,FPO,2,66
10589836,77774,114560,FPO,3,78
10589837,77774,114560,FPO,4,67
10589838,77774,114560,FPO,5,71
10589839,77774,32917,FPO,1,8
10589840,77774,32917,FPO,2,69
10589841,77774,32917,FPO,3,68
10589842,77774,32917,FPO,4,67
10589843,77774,32917,FPO,5,76
10589844,77774,66599,FPO,1,10
10589845,77774,66599,FPO,2,74
10589846,77774,66599,FPO,3,70
10589847,77774,66599,FPO,4,69
10589848,77774,66599,FPO,5,69
10589849,77774,32654,FPO,1,11
10589850,77774,32654,FPO,2,74
10589851,77774,32654,FPO,3,75
10589852,77774,32654,FPO,4,71
10589853,77774,32654,FPO,5,66
10589854,77774,62879,FPO,1,10
10589855,77774,62879,FPO,2,71
10589856,77774,62879,FPO,3,74
10589857,77774,62879,FPO,4,78
10589858,77774,62879,FPO,5,66
10589859,77774,99441,FPO,1,11
10589860,77774,99441,FPO,2,75
10589861,77774,99441,FPO,3,78
10589862,77774,99441,FPO,4,73
10589863,77774,99441,FPO,5,64
10589864,77774,111487,FPO,1,11
10589865,77774,111487,FPO,2,78
10589866,77774,111487,FPO,3,74
10589867,77774,111487,FPO,4,76
10589868,77774,111487,FPO,5,73
10566177,77098,75412,MPO,1,57
10566178,77098,75412,MPO,2,53
10566179,77098,75412,MPO,3,56
10566180,77098,75412,MPO,4,56
10566181,77098,45971,MPO,1,58
10566182,77098,45971,MPO,2,58
10566183,77098,45971,MPO,3,57
10566184,77098,45971,MPO,4,51
10566185,77098,44382,MPO,1,55
10566186,77098,44382,MPO,2,55
10566187,77098,44382,MPO,3,55
10566188,77098,44382,MPO,4,59
10566189,77098,38008,MPO,1,59
10566190,77098,38008,MPO,2,59
10566191,77098,38008,MPO,3,52
10566192,77098,38008,MPO,4,57
10566193,77098,50670,MPO,1,56
10566194,77098,50670,MPO,2,56
10566195,77098,50670,MPO,3,60
10566196,77098,50670,MPO,4,56
10566205,77098,91249,MPO,1,64
10566206,77098,91249,MPO,2,54
10566207,77098,91249,MPO,3,57
10566208,77098,91249,MPO,4,57
10566209,77098,57365,MPO,1,59
10566210,77098,57365,MPO,2,62
10566211,77098,57365,MPO,3,54
10566212,77098,57365,MPO,4,58
10566213,77098,27523,MPO,1,61
10566214,77098,27523,MPO,2,59
10566215,77098,27523,MPO,3,56
10566216,77098,27523,MPO,4,58
10566225,77098,101574,MPO,1,65
10566226,77098,101574,MPO,2,54
10566227,77098,101574,MPO,3,58
10566228,77098,101574,MPO,4,60
10566233,77098,62467,MPO,1,61
10566234,77098,62467,MPO,2,59
10566235,77098,62467,MPO,3,62
10566236,77098,62467,MPO,4,58
10566241,77098,8332,MPO,1,70
10566242,77098,8332,MPO,2,58
10566243,77098,8332,MPO,3,57
10566244,77098,8332,MPO,4,56
10566285,77098,37817,MPO,1,61
10566286,77098,37817,MPO,2,59
10566287,77098,37817,MPO,3,60
10566288,77098,37817,MPO,4,64
10566293,77098,85132,MPO,1,62
10566294,77098,85132,MPO,2,68
10566295,77098,85132,MPO,3,56
10566296,77098,85132,MPO,4,59
10566301,77098,63765,MPO,1,60
10566302,77098,63765,MPO,2,61
10566303,77098,63765,MPO,3,61
10566304,77098,63765,MPO,4,63
10566321,77098,18330,MPO,1,67
10566322,77098,18330,MPO,2,61
10566323,77098,18330,MPO,3,60
10566324,77098,18330,MPO,4,59
10566333,77098,34250,MPO,1,68
10566334,77098,34250,MPO,2,62
10566335,77098,34250,MPO,3,58
10566336,77098,34250,MPO,4,60
10566357,77098,50671,MPO,1,67
10566358,77098,50671,MPO,2,58
10566359,77098,50671,MPO,3,61
10566360,77098,50671,MPO,4,64
10566408,77098,35449,MPO,1,67
10566409,77098,35449,MPO,2,60
10566410,77098,35449,MPO,3,63
10566438,77098,122356,MPO,1,69
10566439,77098,122356,MPO,2,64
10566440,77098,122356,MPO,3,61
10566486,77098,75590,MPO,1,70
10566487,77098,75590,MPO,2,64
10566488,77098,75590,MPO,3,63
10839674,88276,50671,MPO,1,55
10839675,88276,50671,MPO,2,58
10839676,88276,50671,MPO,3,53
10839677,88276,44382,MPO,1,54
10839678,88276,44382,MPO,2,56
10839679,88276,44382,MPO,3,62
10839680,88276,27523,MPO,1,60
10839681,88276,27523,MPO,2,55
10839682,88276,27523,MPO,3,58
10839683,88276,38008,MPO,1,62
10839684,88276,38008,MPO,2,55
10839685,88276,38008,MPO,3,58
10839686,88276,45971,MPO,1,62
10839687,88276,45971,MPO,2,60
10839688,88276,45971,MPO,3,55
10839689,88276,85132,MPO,1,60
10839690,88276,85132,MPO,2,59
10839691,88276,85132,MPO,3,60
10839692,88276,8332,MPO,1,59
10839693,88276,8332,MPO,2,60
10839694,88276,8332,MPO,3,60
10839698,88276,57365,MPO,1,58
10839699,88276,57365,MPO,2,65
10839700,88276,57365,MPO,3,57
10839704,88276,62467,MPO,1,58
10839705,88276,62467,MPO,2,60
10839706,88276,62467,MPO,3,63
10839707,88276,75412,MPO,1,63
10839708,88276,75412,MPO,2,59
10839709,88276,75412,MPO,3,60
10839713,88276,37817,MPO,1,59
10839714,88276,37817,MPO,2,62
10839715,88276,37817,MPO,3,61
10839719,88276,50670,MPO,1,63
10839720,88276,50670,MPO,2,65
10839721,88276,50670,MPO,3,56
10839722,88276,122356,MPO,1,63
10839723,88276,122356,MPO,2,62
10839724,88276,122356,MPO,3,59
10839728,88276,35449,MPO,1,65
10839729,88276,35449,MPO,2,58
10839730,88276,35449,MPO,3,61
10839749,88276,101574,MPO,1,65
10839750,88276,101574,MPO,2,62
10839751,88276,101574,MPO,3,60
10839779,88276,18330,MPO,1,67
10839780,88276,18330,MPO,2,61
10839781,88276,18330,MPO,3,61
10839812,88276,91249,MPO,1,67
10839813,88276,91249,MPO,2,64
10839814,88276,91249,MPO,3,61
10839845,88276,63765,MPO,1,66
10839846,88276,63765,MPO,2,58
10839847,88276,63765,MPO,3,70
10839848,88276,75590,MPO,1,66
10839849,88276,75590,MPO,2,67
10839850,88276,75590,MPO,3,62
10839995,88276,34250,MPO,1,63
10839996,88276,34250,MPO,2,999
10839997,88276,144112,FPO,1,67
10839998,88276,144112,FPO,2,61
10839999,88276,144112,FPO,3,63
10840000,88276,133547,FPO,1,63
10840001,88276,133547,FPO,2,63
10840002,88276,133547,FPO,3,65
10840003,88276,64927,FPO,1,65
10840004,88276,64927,FPO,2,62
10840005,88276,64927,FPO,3,64
10840006,88276,99455,FPO,1,69
10840007,88276,99455,FPO,2,64
10840008,88276,99455,FPO,3,60
10840012,88276,107335,FPO,1,74
10840013,88276,107335,FPO,2,67
10840014,88276,107335,FPO,3,62
10840015,88276,198446,FPO,1,66
10840016,88276,198446,FPO,2,68
10840017,88276,198446,FPO,3,69
10840018,88276,48976,FPO,1,68
10840019,88276,48976,FPO,2,71
10840020,88276,48976,FPO,3,66
10840021,88276,32917,FPO,1,65
10840022,88276,32917,FPO,2,71
10840023,88276,32917,FPO,3,69
10840030,88276,29190,FPO,1,67
10840031,88276,29190,FPO,2,73
10840032,88276,29190,FPO,3,68
10840039,88276,109996,FPO,1,72
10840040,88276,109996,FPO,2,71
10840041,88276,109996,FPO,3,67
10840042,88276,85942,FPO,1,72
10840043,88276,85942,FPO,2,69
10840044,88276,85942,FPO,3,69
10840045,88276,99441,FPO,1,71
10840046,88276,99441,FPO,2,70
10840047,88276,99441,FPO,3,69
10840048,88276,59227,FPO,1,74
10840049,88276,59227,FPO,2,66
10840050,88276,59227,FPO,3,70
10840051,88276,111487,FPO,1,76
10840052,88276,111487,FPO,2,71
10840053,88276,111487,FPO,3,64
10840060,88276,32654,FPO,1,74
10840061,88276,32654,FPO,2,68
10840062,88276,32654,FPO,3,72
10840063,88276,62879,FPO,1,65
10840064,88276,62879,FPO,2,75
10840065,88276,62879,FPO,3,74
10850126,88276,144112,FPO,13,NULL
10850127,88276,133547,FPO,13,NULL
10850128,88276,64927,FPO,13,NULL
10878641,88277,57365,MPO,1,53
10878642,88277,57365,MPO,2,56
10878643,88277,57365,MPO,3,53
10878644,88277,8332,MPO,1,59
10878645,88277,8332,MPO,2,52
10878646,88277,8332,MPO,3,52
10878650,88277,101574,MPO,1,58
10878651,88277,101574,MPO,2,53
10878652,88277,101574,MPO,3,54
10878653,88277,75590,MPO,1,60
10878654,88277,75590,MPO,2,55
10878655,88277,75590,MPO,3,51
10878659,88277,75412,MPO,1,56
10878660,88277,75412,MPO,2,57
10878661,88277,75412,MPO,3,53
10878668,88277,45971,MPO,1,53
10878669,88277,45971,MPO,2,54
10878670,88277,45971,MPO,3,59
10878674,88277,44382,MPO,1,55
10878675,88277,44382,MPO,2,55
10878676,88277,44382,MPO,3,57
10878677,88277,27523,MPO,1,55
10878678,88277,27523,MPO,2,54
10878679,88277,27523,MPO,3,58
10878692,88277,85132,MPO,1,55
10878693,88277,85132,MPO,2,59
10878694,88277,85132,MPO,3,55
10878701,88277,91249,MPO,1,59
10878702,88277,91249,MPO,2,57
10878703,88277,91249,MPO,3,54
10878707,88277,50671,MPO,1,52
10878708,88277,50671,MPO,2,62
10878709,88277,50671,MPO,3,56
10878728,88277,62467,MPO,1,53
10878729,88277,62467,MPO,2,65
10878730,88277,62467,MPO,3,54
10878743,88277,50670,MPO,1,58
10878744,88277,50670,MPO,2,60
10878745,88277,50670,MPO,3,55
10878752,88277,38008,MPO,1,62
10878753,88277,38008,MPO,2,55
10878754,88277,38008,MPO,3,57
10878755,88277,63765,MPO,1,60
10878756,88277,63765,MPO,2,60
10878757,88277,63765,MPO,3,54
10878788,88277,35449,MPO,1,60
10878789,88277,35449,MPO,2,64
10878790,88277,35449,MPO,3,53
10878797,88277,122356,MPO,1,57
10878798,88277,122356,MPO,2,62
10878799,88277,122356,MPO,3,58
10878815,88277,18330,MPO,1,57
10878816,88277,18330,MPO,2,62
10878817,88277,18330,MPO,3,60
10878963,88277,73986,FPO,1,60
10878964,88277,73986,FPO,2,60
10878965,88277,73986,FPO,3,58
10878966,88277,133547,FPO,1,64
10878967,88277,133547,FPO,2,60
10878968,88277,133547,FPO,3,61
10878969,88277,59227,FPO,1,59
10878970,88277,59227,FPO,2,63
10878971,88277,59227,FPO,3,64
10878972,88277,85942,FPO,1,65
10878973,88277,85942,FPO,2,61
10878974,88277,85942,FPO,3,63
10878975,88277,144112,FPO,1,63
10878976,88277,144112,FPO,2,63
10878977,88277,144112,FPO,3,63
10878978,88277,48976,FPO,1,61
10878979,88277,48976,FPO,2,69
10878980,88277,48976,FPO,3,60
10878984,88277,32917,FPO,1,70
10878985,88277,32917,FPO,2,66
10878986,88277,32917,FPO,3,56
10878996,88277,99455,FPO,1,66
10878997,88277,99455,FPO,2,63
10878998,88277,99455,FPO,3,65
10878999,88277,107335,FPO,1,67
10879000,88277,107335,FPO,2,66
10879001,88277,107335,FPO,3,62
10879002,88277,64927,FPO,1,65
10879003,88277,64927,FPO,2,67
10879004,88277,64927,FPO,3,66
10879005,88277,111487,FPO,1,67
10879006,88277,111487,FPO,2,69
10879007,88277,111487,FPO,3,63
10879008,88277,29190,FPO,1,69
10879009,88277,29190,FPO,2,63
10879010,88277,29190,FPO,3,67
10879011,88277,66599,FPO,1,67
10879012,88277,66599,FPO,2,71
10879013,88277,66599,FPO,3,63
10879020,88277,198446,FPO,1,67
10879021,88277,198446,FPO,2,73
10879022,88277,198446,FPO,3,64
10879023,88277,109996,FPO,1,69
10879024,88277,109996,FPO,2,72
10879025,88277,109996,FPO,3,64
10879035,88277,32654,FPO,1,70
10879036,88277,32654,FPO,2,73
10879037,88277,32654,FPO,3,66
10879041,88277,62879,FPO,1,69
10879042,88277,62879,FPO,2,69
10879043,88277,62879,FPO,3,71
10879044,88277,99441,FPO,1,66
10879045,88277,99441,FPO,2,69
10879046,88277,99441,FPO,3,74
10898676,88279,91249,MPO,1,59
10898677,88279,91249,MPO,2,55
10898678,88279,91249,MPO,3,59
10898679,88279,91249,MPO,4,51
10898680,88279,85132,MPO,1,54
10898681,88279,85132,MPO,2,56
10898682,88279,85132,MPO,3,58
10898683,88279,85132,MPO,4,56
10898684,88279,75412,MPO,1,57
10898685,88279,75412,MPO,2,58
10898686,88279,75412,MPO,3,58
10898687,88279,75412,MPO,4,52
10898688,88279,50671,MPO,1,61
10898689,88279,50671,MPO,2,58
10898690,88279,50671,MPO,3,59
10898691,88279,50671,MPO,4,51
10898692,88279,44382,MPO,1,56
10898693,88279,44382,MPO,2,58
10898694,88279,44382,MPO,3,57
10898695,88279,44382,MPO,4,60
10898696,88279,57365,MPO,1,54
10898697,88279,57365,MPO,2,66
10898698,88279,57365,MPO,3,61
10898699,88279,57365,MPO,4,52
10898704,88279,27523,MPO,1,63
10898705,88279,27523,MPO,2,63
10898706,88279,27523,MPO,3,51
10898707,88279,27523,MPO,4,57
10898708,88279,38008,MPO,1,62
10898709,88279,38008,MPO,2,57
10898710,88279,38008,MPO,3,58
10898711,88279,38008,MPO,4,57
10898712,88279,50670,MPO,1,61
10898713,88279,50670,MPO,2,62
10898714,88279,50670,MPO,3,58
10898715,88279,50670,MPO,4,55
10898716,88279,45971,MPO,1,68
10898717,88279,45971,MPO,2,54
10898718,88279,45971,MPO,3,57
10898719,88279,45971,MPO,4,57
10898728,88279,62467,MPO,1,61
10898729,88279,62467,MPO,2,55
10898730,88279,62467,MPO,3,67
10898731,88279,62467,MPO,4,55
10898736,88279,63765,MPO,1,61
10898737,88279,63765,MPO,2,61
10898738,88279,63765,MPO,3,58
10898739,88279,63765,MPO,4,58
10898752,88279,18330,MPO,1,59
10898753,88279,18330,MPO,2,64
10898754,88279,18330,MPO,3,56
10898755,88279,18330,MPO,4,60
10898764,88279,101574,MPO,1,62
10898765,88279,101574,MPO,2,57
10898766,88279,101574,MPO,3,58
10898767,88279,101574,MPO,4,64
10898804,88279,35449,MPO,1,60
10898805,88279,35449,MPO,2,66
10898806,88279,35449,MPO,3,59
10898807,88279,35449,MPO,4,59
10898812,88279,75590,MPO,1,60
10898813,88279,75590,MPO,2,60
10898814,88279,75590,MPO,3,64
10898815,88279,75590,MPO,4,61
10898862,88279,122356,MPO,1,63
10898863,88279,122356,MPO,2,66
10898864,88279,122356,MPO,3,59
10898880,88279,37817,MPO,1,63
10898881,88279,37817,MPO,2,64
10898882,88279,37817,MPO,3,62
10898892,88279,8332,MPO,1,63
10898893,88279,8332,MPO,2,58
10898894,88279,8332,MPO,3,69
10899040,88279,133547,FPO,1,68
10899041,88279,133547,FPO,2,67
10899042,88279,133547,FPO,3,57
10899043,88279,133547,FPO,4,67
10899044,88279,73986,FPO,1,71
10899045,88279,73986,FPO,2,66
10899046,88279,73986,FPO,3,61
10899047,88279,73986,FPO,4,62
10899048,88279,48976,FPO,1,65
10899049,88279,48976,FPO,2,75
10899050,88279,48976,FPO,3,64
10899051,88279,48976,FPO,4,58
10899052,88279,107335,FPO,1,68
10899053,88279,107335,FPO,2,67
10899054,88279,107335,FPO,3,68
10899055,88279,107335,FPO,4,63
10899060,88279,59227,FPO,1,69
10899061,88279,59227,FPO,2,68
10899062,88279,59227,FPO,3,67
10899063,88279,59227,FPO,4,64
10899072,88279,99455,FPO,1,70
10899073,88279,99455,FPO,2,69
10899074,88279,99455,FPO,3,71
10899075,88279,99455,FPO,4,62
10899076,88279,144112,FPO,1,71
10899077,88279,144112,FPO,2,72
10899078,88279,144112,FPO,3,65
10899079,88279,144112,FPO,4,64
10899080,88279,64927,FPO,1,69
10899081,88279,64927,FPO,2,74
10899082,88279,64927,FPO,3,65
10899083,88279,64927,FPO,4,64
10899084,88279,32917,FPO,1,67
10899085,88279,32917,FPO,2,66
10899086,88279,32917,FPO,3,71
10899087,88279,32917,FPO,4,68
10899088,88279,29190,FPO,1,71
10899089,88279,29190,FPO,2,72
10899090,88279,29190,FPO,3,66
10899091,88279,29190,FPO,4,64
10899092,88279,62879,FPO,1,67
10899093,88279,62879,FPO,2,67
10899094,88279,62879,FPO,3,66
10899095,88279,62879,FPO,4,73
10899100,88279,99441,FPO,1,68
10899101,88279,99441,FPO,2,73
10899102,88279,99441,FPO,3,70
10899103,88279,99441,FPO,4,63
10899128,88279,85942,FPO,1,73
10899129,88279,85942,FPO,2,72
10899130,88279,85942,FPO,3,70
10899131,88279,85942,FPO,4,65
10899144,88279,198446,FPO,1,70
10899145,88279,198446,FPO,2,80
10899146,88279,198446,FPO,3,65
10899147,88279,198446,FPO,4,69
10899160,88279,32654,FPO,1,71
10899161,88279,32654,FPO,2,81
10899162,88279,32654,FPO,3,68
10899184,88279,111487,FPO,1,78
10899185,88279,111487,FPO,2,76
10899186,88279,111487,FPO,3,71
10899193,88279,109996,FPO,1,80
10899194,88279,109996,FPO,2,79
10899195,88279,109996,FPO,3,70
10899223,88279,66599,FPO,1,72
10899224,88279,66599,FPO,2,82
10899225,88279,66599,FPO,3,999
10899226,88279,91249,MPO,13,NULL
10899227,88279,85132,MPO,13,NULL
10946332,88282,91249,MPO,1,65
10946333,88282,91249,MPO,2,56
10946334,88282,91249,MPO,3,54
10946335,88282,75412,MPO,1,62
10946336,88282,75412,MPO,2,62
10946337,88282,75412,MPO,3,54
10946341,88282,27523,MPO,1,61
10946342,88282,27523,MPO,2,58
10946343,88282,27523,MPO,3,60
10946344,88282,75590,MPO,1,63
10946345,88282,75590,MPO,2,61
10946346,88282,75590,MPO,3,59
10946347,88282,50670,MPO,1,59
10946348,88282,50670,MPO,2,63
10946349,88282,50670,MPO,3,61
10946350,88282,101574,MPO,1,64
10946351,88282,101574,MPO,2,62
10946352,88282,101574,MPO,3,58
10946353,88282,18330,MPO,1,67
10946354,88282,18330,MPO,2,57
10946355,88282,18330,MPO,3,61
10946356,88282,50671,MPO,1,64
10946357,88282,50671,MPO,2,57
10946358,88282,50671,MPO,3,64
10946359,88282,57365,MPO,1,61
10946360,88282,57365,MPO,2,66
10946361,88282,57365,MPO,3,59
10946368,88282,45971,MPO,1,68
10946369,88282,45971,MPO,2,61
10946370,88282,45971,MPO,3,58
10946371,88282,122356,MPO,1,67
10946372,88282,122356,MPO,2,60
10946373,88282,122356,MPO,3,60
10946389,88282,44382,MPO,1,62
10946390,88282,44382,MPO,2,65
10946391,88282,44382,MPO,3,61
10946395,88282,62467,MPO,1,61
10946396,88282,62467,MPO,2,64
10946397,88282,62467,MPO,3,63
10946407,88282,38008,MPO,1,59
10946408,88282,38008,MPO,2,63
10946409,88282,38008,MPO,3,67
10946416,88282,8332,MPO,1,67
10946417,88282,8332,MPO,2,61
10946418,88282,8332,MPO,3,63
10946431,88282,35449,MPO,1,63
10946432,88282,35449,MPO,2,63
10946433,88282,35449,MPO,3,66
10946434,88282,37817,MPO,1,62
10946435,88282,37817,MPO,2,64
10946436,88282,37817,MPO,3,66
10946443,88282,63765,MPO,1,67
10946444,88282,63765,MPO,2,62
10946445,88282,63765,MPO,3,65
10946591,88282,73986,FPO,1,64
10946592,88282,73986,FPO,2,56
10946593,88282,73986,FPO,3,59
10946594,88282,107335,FPO,1,60
10946595,88282,107335,FPO,2,60
10946596,88282,107335,FPO,3,59
10946597,88282,133547,FPO,1,65
10946598,88282,133547,FPO,2,63
10946599,88282,133547,FPO,3,57
10946600,88282,64927,FPO,1,64
10946601,88282,64927,FPO,2,61
10946602,88282,64927,FPO,3,62
10946606,88282,85942,FPO,1,60
10946607,88282,85942,FPO,2,64
10946608,88282,85942,FPO,3,65
10946609,88282,144112,FPO,1,66
10946610,88282,144112,FPO,2,59
10946611,88282,144112,FPO,3,65
10946612,88282,99455,FPO,1,71
10946613,88282,99455,FPO,2,58
10946614,88282,99455,FPO,3,62
10946621,88282,81351,FPO,1,69
10946622,88282,81351,FPO,2,63
10946623,88282,81351,FPO,3,67
10946624,88282,48976,FPO,1,69
10946625,88282,48976,FPO,2,67
10946626,88282,48976,FPO,3,65
10946636,88282,66599,FPO,1,71
10946637,88282,66599,FPO,2,63
10946638,88282,66599,FPO,3,70
10946639,88282,32654,FPO,1,68
10946640,88282,32654,FPO,2,70
10946641,88282,32654,FPO,3,68
10946642,88282,111487,FPO,1,73
10946643,88282,111487,FPO,2,66
10946644,88282,111487,FPO,3,68
10946645,88282,114560,FPO,1,67
10946646,88282,114560,FPO,2,72
10946647,88282,114560,FPO,3,69
10946666,88282,59227,FPO,1,71
10946667,88282,59227,FPO,2,70
10946668,88282,99441,FPO,1,70
10946669,88282,99441,FPO,2,71
10946674,88282,32917,FPO,1,70
10946675,88282,32917,FPO,2,73
10946676,88282,29190,FPO,1,67
10946677,88282,29190,FPO,2,76
10946696,88282,198446,FPO,1,77
10946697,88282,198446,FPO,2,71
10946714,88282,73986,FPO,13,3
10946715,88282,107335,FPO,13,4
